office_code,city,phone,address_line1,address_line2,state,country,postal_code,territory
Ih991,Edwardsburgh,001-834-722-2142x440,9445 Mary Path,Suite 842,Mississippi,Chad,92234,HeartlandHub
Xf826,Tiffanymouth,9648229476,24324 Aaron Field,Apt. 311,Arkansas,Maldives,82182,SuburbSaver
xh033,New Ryan,893-561-8239x004,009 Anthony Island Suite 443,Suite 918,Oklahoma,Somalia,64062,HeartlandHub
fA907,Millerstad,815.327.3721x073,231 Hughes Lakes,Suite 899,Arkansas,Norfolk Island,33426,MetroMarket
Uk308,North Robertotown,+1-511-665-0348,2730 Eric Points,Apt. 558,Idaho,Monaco,49104,PeakPlaza
La249,Fullerchester,(662)796-7195,927 Lee Square Apt. 055,Suite 477,Massachusetts,India,44199,CentralMart
Ke384,Port Samueltown,(984)212-5098,675 Ford Cliffs Apt. 741,Suite 950,Washington,United States Minor Outlying Islands,28617,WestBuy
QE828,Mullinsfurt,001-826-226-5552,3504 Cindy Knolls,Apt. 239,Rhode Island,Holy See (Vatican City State),66277,PeakPlaza
hO983,West Haley,001-723-282-5548,368 Gray Dam,Suite 959,Oregon,Dominican Republic,90607,CoastalCart
kN659,West Valerieshire,421.823.5205x29104,26367 Howard Valleys,Apt. 512,Montana,Jersey,10706,CentralMart
rL005,Stephanieview,528.971.6316x9354,5378 Richardson Prairie Apt. 457,Apt. 640,Arizona,Equatorial Guinea,45312,CentralMart
te734,South Sandra,930-613-2022,6673 Nathan Manor Apt. 648,Apt. 819,Washington,French Polynesia,30961,NorthShopper
Mg989,Hernandezberg,955-282-9439x103,23767 Amber Glen,Suite 502,New York,Vanuatu,51581,CoastalCart
By984,Jacksonside,001-553-303-0341,76093 Jacobs Mission Apt. 188,Suite 318,Virginia,Hungary,65895,NorthShopper
TB590,East Johnfort,746.510.8015x719,9436 Velazquez Field,Suite 358,North Carolina,Monaco,40544,NorthShopper
