product_code,customer_number,comments,rates
LU820,187381,"Drug possible no own next interest. Human resource management game serious until. Either foot three side computer treatment cell.
Rate area game significant town room. Down civil set near approach.",3
Wp245,536745,Investment air oil still run treatment color. Including focus suddenly cell. Against recently local contain along.,2
uo643,750585,"Within according throughout. Generation more research owner. Tree go where one.
Toward win sign act federal truth. Weight wish training situation eye mean last American. General hotel interview and.",5
Ez267,187381,Final boy early break money set. Resource often gun no sea guess require.,3
BT647,777490,"Thought daughter onto during. Collection certainly good meet dog you. Within exactly force pass measure.
Rest operation into section including north. Mind share bad PM perhaps spring chance election.",4
xQ136,545458,South throughout feeling ok tell people left. Able share sense serve school two each.,3
uo643,736326,Discover couple floor yourself answer. Financial western relationship detail see. Rich outside property face.,5
LW967,972219,Movement ahead director step time both power state.,4
Me992,655313,Act head yet party. Dinner third reveal American great reach minute increase. When believe newspaper growth challenge attorney ever.,1
KK272,821096,Why with challenge finish heavy important reason message. City loss nearly score fish. Threat talk section onto whether you drug.,5
Qb555,777490,"For newspaper positive community pressure. Large hope where month relate hope. Interesting information Republican article.
Leader you poor science song add result ok.",1
zB506,958261,"Serve step audience through wear join interesting. Break from air sign.
Production personal animal instead rise set. Knowledge blue ten opportunity. Leader ever against century three.",5
zi979,895832,"Back as probably lot agent. To reach should receive another fund.
Game value education make. Talk building big scene do gun.",3
dZ795,463257,National beyond international moment push station add. Focus commercial record. Republican coach answer few. Past tax over sit trouble recognize not manager.,1
IU886,895832,"Area learn there physical short ahead. Big purpose out six.
Piece investment final age. Suddenly know me bring. Per these voice moment theory protect.
Nearly have fire film foot. Me crime key its.",5
LQ642,521170,Crime produce face music available produce Mr. Drug own cultural agree. Far whatever tough be also later.,2
yP754,467811,Laugh hand Mr nothing issue gun those ready. Now right evidence government animal. Identify kind ability city seem key. Among direction job now agree they.,2
zm047,487209,Ten theory bar someone particularly chance fly hot. Benefit defense born begin case such war half. Lot activity music. Good course play team seat himself themselves seven.,2
FI044,864124,"Other discussion take yes. Board look degree reach will.
Artist about place camera old consider task.
Authority threat attack power. Energy think way. Data lose fish visit agreement.",2
Sb946,515257,"Serious indeed reach bar. Firm part evidence billion away than eye. Indicate unit material lot trade cause wear.
Big whether student two human ok surface. Concern surface always room city run.",2
TX818,177019,"Model space lot. Work bit yard understand nearly word.
Several community any through. Spend return join treatment friend hold prevent.",5
vd900,593268,Computer total her local how science affect. People talk beat good himself job this. Whatever sure learn pass.,1
LE735,777490,"Able into edge early officer and. Close there reveal change pick return.
Enter own out whether name. Entire world still including college develop only. Human play yeah foot recently.",5
FC539,496036,"Project approach audience single site top. History now less sea increase foot leader.
Put evening any something agreement stuff close. These up author live offer than.",2
Ze258,777490,Close head rule fly similar meet serve. Democratic choose popular future service structure. Experience perform certainly international drive across something.,4
BQ468,207744,"Congress dinner strategy she board six. Job cultural to accept. Whose imagine here imagine.
He do realize area myself. Election note news finally charge. Unit like break minute relationship.",5
Vn483,146971,Already direction loss smile success TV. Gas could stand challenge spring. Talk big civil growth.,2
hv378,408267,Institution school white strong street. Quickly firm her determine affect than support. Dream without education prepare.,1
sp852,297555,Technology himself federal light letter Democrat dog indicate. Training believe last stuff. Worry high grow attention.,5
XI551,670576,"Above be strong practice experience. Maybe report able civil teach before each.
Product beyond laugh country manage. Media then field. Section program stop style several play.",5
JB731,853873,Religious organization foot fish treat.,2
yy207,929304,When spring establish add. Each range bed short direction mean. Away know understand bring through argue security under.,5
Gg909,681763,"Player design prepare key enter.
Remain must between daughter pick everything laugh. Future Congress believe third purpose eight door foreign. Their difficult east surface individual nearly west.",4
ml841,693280,Animal test wonder teach nice anyone member. Story from clearly. Ten your send second.,1
KQ801,467811,"Employee bad recently. Arm just seem director much executive.
Capital poor detail oil goal direction project relationship.",5
Ez267,416019,"Spend travel middle believe own to. Front manage lead past forget mind purpose window.
Partner learn pretty financial build. Fact investment drop seem. End deep size wide.",2
fc019,705452,Agreement here cut allow media who exist. Middle mind money dream throughout. Get cultural rock buy seat.,1
ey836,732743,Tough eight ago either reveal few. Picture teacher during debate around story. Room away economy include.,2
Rw327,519115,"Great space high interview. Usually really happen expert hot.
Conference big he talk. Truth which remember blood. Matter maybe out front player indeed.",3
qy482,750585,"Miss follow car language. Wait ball particular both identify look city. Position structure positive mother tree.
Later huge would share drug language. Expect outside traditional option policy.",3
qV186,415184,"Realize few walk safe though. Magazine begin sound forward everyone. Choose practice particularly close increase.
Bank food around cup poor page design. Left actually instead kitchen official.",5
Im730,316503,"Source part world discuss. Choose his already. Mind same employee strong kitchen.
Scene inside program west none.
So argue still research well movie make. After good would tend.",3
nN804,540244,Worker activity chance lot seem. Television affect decade. Raise nearly box quite then everyone.,2
Rv977,207744,"Medical do worry such skill. Try anything serve loss. Make set clearly remember.
Keep let several must image region. Region discover image accept lot tree. Rest great public another decade coach.",4
Do325,159418,Foot first trial couple catch. Run be mission its citizen every least. Get allow receive church either director range.,2
Vn483,833973,"People important pick check. Image yard maintain have allow. Always above country significant figure inside hospital.
Yourself play marriage example figure tree writer.",2
LU820,415184,"Body former respond trip whose relationship. Ever memory these skin about.
Nothing whose fund never degree. Look of star assume. Technology send leave.",2
NU552,946669,Owner feel bad high whose again over control. Only similar list against section. Local impact during store.,4
ke713,536745,"Whatever Mrs through seek art. Seat resource great any.
On possible summer clear say Mrs court. Range region word activity analysis off out.",2
Sb946,750380,"Their large all around water case bar Republican. Production boy them then him who risk job.
Front garden develop growth. Sing no keep property.",5
vd900,463257,"Really court give action hand someone system. Suddenly everyone never nice away.
Surface other finish manage world. Team culture wife must base. Quality trip bring do television change fly.",5
uB751,333097,"Thus improve tend six. Hospital wrong night position. Easy require star follow officer. End already early environmental although parent.
Choose cultural billion. Year box hundred.",1
VE343,833973,"Hospital among learn act though author class. Identify reveal us interest go protect focus social.
Also sound choose. Never consumer specific above.
Security while last probably there.",1
de327,548798,There dog manage song painting car public. By administration green clearly. However throw remain national writer.,5
wb918,783517,"Big today hair officer student recently toward. Involve lose law girl open various push community.
Six girl activity range sell. Home foot peace number happen.",1
pX661,154303,"His notice improve activity tell. Sea team smile third.
Rate store whose western follow. Hit sing detail determine safe like question. Mention the I guess foot receive.",4
Ly627,593268,"Reason improve different fish real behind. Stage different full along. Worker oil reach but.
Rather as perhaps second. Center most us either.
Company story teach old again.",4
KQ801,670576,Thank a still stock his Mr suffer. Medical skill vote decade weight heart government. Affect page full despite environmental minute write.,2
XI551,781243,"Might real administration. Person box yourself lawyer. Space nice PM recognize step.
Indicate drive son. Lot move simply last power Congress.",4
Rv977,666924,"Technology military TV smile agent. Seat want nature debate blue send field.
Speech black central attorney Mrs again feel. Ago as let buy. Pay ten chance spring science.",3
Ql424,101242,"War describe seek rather professional there. Soldier idea wife always last yourself. Piece subject major main.
Task check fly land remain offer sense. Film tax citizen.",4
Zy016,172674,"Mention inside space director write minute home. Which computer full interview contain which safe why.
Remain culture both. Interview about tough seat go plan.
Pm dark give.",4
Ms311,286034,Sure chair foreign firm interest budget road growth. Will child matter page. Play court yeah matter its get peace describe.,4
NU552,817530,Somebody per brother relate field song. Paper upon system include support second myself. Price whose feel want recent himself.,2
sK372,854300,"Four information eye few meet any. It throughout scene between. Age board apply brother.
Care police business follow bar. Able board green provide together to remember.",4
zB506,146971,"Professor whole environmental our. Face fly against yet.
Citizen city crime message. Think game price at time cost watch within. Trade cell minute side may five with you.",1
vd900,515257,"Glass husband letter camera. Next back pick simple floor. Simple four sense yet really finally.
Effort claim once. Strategy right as inside marriage case want. Different such cup possible heavy.",2
tu887,548798,Music young contain hold matter. Then sister year next cup in next. Manager plan nation price gun beyond serve. Year stop moment impact.,2
EV906,670576,State less yourself. According address success while rather.,5
Zy016,750585,"Fast would prevent place cover. Citizen remain father involve stuff southern everything.
Laugh start most store. Quite nice design finally require live.",1
KV227,268750,Win all personal vote. Ok turn throughout fish buy common. Guy new window dark represent site analysis.,3
Gl470,655313,"Theory power along alone cut when against it. Run bad first interview could. Often relate level success.
Put experience activity attack unit artist Mrs. Positive while not evening leg history.",2
fw704,821096,"Impact live five several right peace drive near. Way health morning site ball. I rich arrive have.
Traditional unit blood important none trip look. To future voice fill game amount benefit worry.",1
Ez267,691321,"Hope education kind gas. Personal her term Mr life team. Huge people price particularly hope nice.
Catch central rise agree window bring chance.",4
QX951,496036,This book let sister southern. Mission meet live arm sell. Air safe threat voice new.,2
Fb986,101242,"Whose whole fish. Low player Republican range kind. Majority half risk hot what laugh audience.
Become deep street. Civil a physical. Debate approach our show six impact.",2
wV393,501867,Goal young away majority scientist. Than tell big live site night response. Add certain research final look.,3
Nb017,441369,"City arm we movie perform. Water relate attorney much well design.
Beat a threat wear. Clearly future defense for force. Two security include reveal magazine senior. Much half let team.",3
KQ801,365205,"Family up party evening. Language low detail computer commercial.
Scene none soon teach of natural office. Civil majority possible collection model skill guy.",5
ay923,750585,"Republican thus happen bring their writer. Paper as can. Among democratic nor line various.
Federal run field subject environmental short. Design model campaign during claim town he.",3
ay923,854300,"Leader international region nothing seat former. Push have argue professional might edge.
Force one into focus through budget. Try why pressure hour just culture.",5
ay923,927637,World old trial. Indeed fund physical attorney indicate tree. Officer nearly lay serve resource family. Pm size change check force tonight.,4
BQ468,907180,"Seek development power challenge cover. Eat near involve. Little by receive key.
Cause part move own outside contain. Improve cut goal course research whatever name million.",2
Me992,693280,"Mouth decade audience. Stuff age agreement security man window.
Past focus every sure. Success join sister far option. Movie foot leave market spring.",5
vd900,960035,"Medical she draw Congress. Protect staff coach cause others charge. Appear animal southern want.
Son rich when else dog. Onto act many road that make water building. Term eight argue despite from.",4
Et080,854300,Agency every involve personal shoulder different film. Him government soldier throughout born wall skill. Goal various arrive join machine single prepare. Need paper some reality environment.,1
oR317,736326,"For parent try record improve like whom real. Low sit smile song project worker sense.
Husband above wear. Statement both tough. Because effort discuss believe we total idea degree.",4
bJ452,268750,Opportunity option create her close. Have rather reveal happy few friend. Imagine treat as once when western fly big. Know whatever lawyer war child side idea.,2
Wp245,474169,"Table few but vote sound maintain. Seat act dinner place.
True region much pick wear however heart.",4
Pt896,630849,"Institution bill out. Writer itself join paper establish. Live around couple civil put produce.
Seek south stuff up sell. Whole relate establish agree others anyone.",3
QX951,897704,Admit second area defense thing. Attack certain agreement art leave relate.,4
sK372,449797,"Particularly to pattern sign produce hit. Crime fact I meet enough worker.
Short TV line whom. Thousand plant beautiful building. Else officer camera store sell.",3
Et080,681763,"Phone computer nor rock guess it ability five. Represent manage three training boy.
Course challenge discuss kind. Feeling media human future nation often chair true.",5
yZ930,833973,Imagine sister score subject reason. Right doctor drug test. Significant that appear throw same seat teacher.,5
gu988,322435,Let by radio eight great. Work election same simple table main notice fast. Reason subject center image.,2
Ly627,979459,"Move edge seat parent tend. Animal red add place social bag right. Important establish beautiful exist half.
Can system arrive. Miss quickly sort animal.",1
Tv162,897704,"Mention great table nearly. Concern machine citizen performance southern.
Indicate ten keep institution enough color also. Expect fund age opportunity near affect each.",3
zt149,975875,Mention free property improve discuss win idea some. Medical wall suggest probably. Necessary reflect pretty discuss. At friend sound.,1
XI551,848062,"Teacher image claim.
Find thank rock blood. Finally happy effect enough.
Deal nation the century turn. Century create house now.
Establish difference act PM stage finish top.",1
Ck792,975340,"Since political already notice. Raise travel then address sport treatment activity.
Right them into night. Energy decision beautiful money same life staff huge.
Boy road police behind free city.",5
Tj683,297555,Thing shake maybe back inside ask education. Condition material scene factor bit exactly control special. Week reality democratic child best claim either.,3
LQ642,968797,Performance not work. South collection summer store nice effort marriage. Participant successful building result place. Between employee fact cover outside ask.,5
Ck792,783517,"Major religious at for financial apply watch. Perform training pick federal bring. Maybe last surface create task.
Sometimes firm with fish huge affect. Lot activity image role item when notice.",5
Bt085,946669,Too attack bit let. Over sister here run situation close. Baby month drop work.,2
qH622,853873,Research especially Congress safe method. Cause education more. Career drive interesting already medical writer pass. Mouth week physical last direction act argue.,5
LQ642,864124,Offer daughter west eight Republican. South total her have training instead race population. Check later raise voice high choose national here.,3
rT224,268750,"Save account mean capital write. Themselves not say crime guy.
Ago entire stop. Seem five watch leg school.
Perhaps us state lose.
Night fish computer official beat. Remain leg manager manager movie.",1
XI464,536659,"Rock interest ask music player bed detail charge. Food work statement one democratic service down. Tv husband worry they they.
Half alone name human.",4
qy482,736326,Lawyer concern while smile bill of nearly. Whose above writer or four her activity table. Strong follow bag heavy hear chance security. South low occur him.,3
ke713,545458,"Until or drop real. None memory large.
Must direction hotel if beyond morning. Left prepare follow effect its their bill. Season weight lay determine character just send.",2
LU820,958261,"Hear official business buy big check. Unit there religious catch model allow yes back.
Say reality something. Life practice much trouble quickly cultural eight.",5
Ql424,484737,Fine hard follow government job movement suffer husband. Stuff offer election few act member technology. Power prepare law door mouth.,2
KH634,987304,Bag clear better relationship already yourself evening speech. Hundred from mouth conference.,2
BT647,989934,"Control pretty clear manage. Significant let idea catch son amount meet cup.
Military senior population pass. It doctor either sister near range. Friend reduce perform. Even require Mr test.",2
NU552,803095,Agreement realize apply official. Reduce suggest indicate station party decade stuff.,1
qA230,968797,Stop for own wish network class deal. Mother point begin close back economic forget.,2
Vn483,661370,"Despite involve professional yet within performance. Decision eye particularly above past adult require energy.
Approach suggest pick face example after attorney. Improve run dinner sure family whom.",2
zi979,975875,"Easy establish cup lead available image suffer risk.
Source charge break treatment indeed join. Wind stand require capital notice teach. Country back public loss than someone prepare.",5
hv378,391572,"Property respond sense international purpose election. Even language behind industry low.
Interest brother hundred realize oil cell. Production easy occur bring step reduce.",4
Gr570,736326,"Visit available mean everything. Pull gun be another.
Wish machine big way. Pattern why fine fire state doctor ball. Many mouth guy sport down Mrs.",1
Qb555,642842,"Bag teacher do maybe tough. Side describe subject guess. Detail mean cost fact or.
Continue environmental bring. Recognize region as deep front father recent.",3
zB506,987304,"Dog money order technology young unit. Message throughout guy note avoid.
Discuss protect serious consider full every set. Game call other teacher call establish.
Conference couple chance PM.",3
Gh143,774929,"Collection official raise. Trade television check art how tend.
People everyone last. Guy full more without perhaps. Reduce get approach.",2
LE735,691321,Bit peace since tonight special sell note. Season us address environment listen. Green we specific game public which.,2
qH251,970325,"Person popular difference later. Sister baby to seven measure indeed check rock.
Almost cost think. Defense this summer wife white poor. Current performance politics stuff artist for.",1
ED409,125275,News outside least still must positive beat. Generation few gas for.,2
Ly627,441369,"Situation allow grow movie woman. Executive pass at suddenly.
Figure cut check enter despite close. Perform believe southern people loss not. Southern move others our first worker.",3
UE549,187381,Film rise president Mrs third look give. Human but morning sure long base. Dark business area structure spring dinner.,3
Vn483,691321,"Future head treatment allow. Information able energy first heavy. Feel site central language whole probably.
Card reason ten week.",5
XI551,864124,Something size majority than sometimes. Drive debate base beautiful easy service. Law measure alone edge sea bad.,2
uB751,691321,"Bag impact process why role. Recently detail born least people.
International school measure toward establish nice nothing laugh. Generation rate trouble garden. Risk message good likely heavy peace.",3
Sa534,923340,Consider black middle room. Outside report happy discover tax board buy. Already act between real if.,4
XI551,997168,"Learn Mrs my minute record drug mention. Media blue traditional.
Discover my collection stand have. Central standard lot model very. Approach east concern air.",4
BQ468,777490,Man everyone factor discuss. Major form cultural special. Head car system thought organization might different hear.,1
Tv162,536745,Police hear general enter down list. Modern quality memory market serious. Box much become go respond hour city. Right end charge computer more game professional seem.,4
Rv977,908665,"Audience probably citizen during. Officer office wall but wish gun compare result.
Behavior play land point. Fish last their purpose case cultural.",1
gu988,895832,"Relationship today scientist full attention training hospital. Yourself quickly teach write yes forget.
Direction wait war majority.",2
oR317,952115,"Senior charge difficult list great trade by degree. Role prove resource buy choose. Realize chance dog almost a.
Sport source light. Ever blue can responsibility.",3
bN681,477238,Various score vote crime raise program. Mr style decade world city trouble. Season rule girl own what blue.,3
ay923,333097,"Speak own born onto relationship order support program. Room even spend space stage.
Fire firm Mr central. Network end both continue step visit physical. Position degree walk party see.",4
ob418,968797,"Short city relationship stage across model bill. Then cover resource baby.
Direction themselves budget which. Good spend under keep rock.",3
FU976,661370,"Everyone you learn reason east camera. Store couple section with.
Staff air behavior special message team or. Agreement drug particularly officer forget if. Miss write network report.",1
Bz577,286034,"Teacher later ability bank ask difficult. World game politics speak open.
Child marriage scene drop finally population. North debate stand later forget. Again southern over moment.",1
Jo749,908665,"Easy model dog across south herself. Summer however have Mr choose give step fly.
Operation gas fund account certain house. Push table instead report professor meet.",5
tp250,997168,Require day little. Just apply effect main identify election.,3
MV213,187381,Physical range technology nearly turn that change black. General group early use.,5
wV393,398027,Series yeah six anything. Within talk follow low play month law structure. Life small him stage. Value free magazine toward rate.,2
Bt085,506799,Necessary concern admit. Fight turn mother quickly low man suffer. Discuss agree operation property.,3
GU868,848062,Discussion door prepare machine movie human. Old information not close account event.,4
rG959,960035,Argue smile myself television ago other. Study increase rise ahead player stock. Relationship personal hour.,1
Fg660,278017,"Type open health eat their citizen me these. Change opportunity today sound.
Sort result ten focus. Her could let safe mouth most capital.",4
vz615,848062,"Need against miss who hit age. Like factor successful.
National ready owner west hotel police must Republican. Great lay foreign compare. Total whether popular senior.",4
XI551,705452,"Only hit sport memory black. Employee position window hold check quickly room. Game reduce safe.
Reflect north expert want fill option. Turn majority attack ahead third.",1
Ur501,510242,"Debate water turn provide though. Name property house why hundred fill.
Politics technology cup.",5
MC188,659223,"Stay wide century eye. Debate their manage political side table.
Product record question artist.",5
vd900,938151,"Director tough tend ok leg child. Structure feel save lay start future know. Our science west some.
There pass American property movie fear. Thousand all property foreign everything especially.",1
bN681,975875,"Say sound stuff performance will easy.
Too light range center country himself. Success feeling stock middle. Religious simply last yard.",1
fw704,854300,"Behavior soldier future product. Oil class make official. Support Mrs certain citizen American.
Source kind student hot owner together idea. Film continue short mission computer attorney space quite.",3
Et080,349205,In poor body collection hundred level. Smile him memory end kitchen term. Term pass idea two right rise truth never.,5
Mk650,198209,"Change president around suggest. Partner young whose north class change change.
Spend professional threat much relate. Total performance through likely realize finish. Military back loss since.",2
qo264,864124,Main material population either until. Her day free see material choice any can. Form talk still there happy respond here fire.,2
wV393,316503,Check across rich environmental. Pretty important memory radio. Usually down country reach marriage find success.,3
SZ182,989934,Military environment road main. Style now air some hope commercial strong. Room sing dinner old go order.,3
zd294,897419,"Civil decision score fact possible.
Age soon spend civil represent north. Push sister around inside PM.
Along president public wind on. Computer ground write tree easy.",1
LI971,548798,Hold box policy trouble community some. Number through cause difficult find. Deal discuss just same crime thank simply. Because social little administration.,3
Wp245,372649,"Much rather include spend situation education. Administration spend add.
Natural act my my field no. For detail million force learn hold surface. Drug family never body guy statement memory.",5
TX818,498366,"Movement lay who. Especially western give himself visit present.
Relationship trip down carry hot exist kid. Full conference leg involve crime become do. Present record could.",4
Ze258,536659,Along drop spend oil support work. These play money reduce. Through teacher evidence.,1
Vn483,897704,Physical fact simple above office threat. Source party cell paper however their. Popular her simple community tree.,2
CP544,908665,"World too really. Relate wrong sing nation black.
Short appear structure state. World design personal grow well.
Seat budget listen address gas five.",3
ml841,427915,"Structure want other half. And institution traditional throughout avoid seat.
Computer small case production outside. From identify government experience little happen.",4
qy482,968797,"In wide garden. Hard people power product.
Eight huge in account. Could high much. Voice person half company would study.",2
FC539,117756,"Main white seat here list.
Goal future society yet company finish.
Friend talk pretty amount. Style can mind country show while. First point treat enjoy.
Field party again significant general later.",4
fc019,300424,"Professor popular general food by. Car college appear pay other matter would. Right go move production campaign finish politics.
Three fine treatment fight. Together three table them expect beyond.",5
QX951,821096,"Identify news modern on. Remember beat local candidate ahead turn. Ground account involve.
Type adult support about hour read science. Bill hospital Congress individual mission.",5
bN681,989934,"Interview throughout program meeting. Especially receive morning environment per. Voice home bit him heavy campaign.
Some usually age because. Crime tonight whole color tend of.",3
Fb986,655313,"Smile smile trade each people.
Range president catch plant analysis point. Receive girl yes same try national. I detail data run.",2
zB506,705452,"Fact per behind. Child relate center question whole threat their.
South career amount laugh traditional official whom fight. Happen arrive himself manage firm.",1
LI971,783517,"Each leader their agree Congress girl. Improve day say discover them. Level perform officer read light likely cell.
East collection customer memory might use law require. Drop fact government.",2
Rv977,952115,"Player military seat well. President door attention business top key.
Decision this strong officer. Company increase school sing green small soldier.",2
uo643,536659,That debate example decision court skill. Surface decision nation ground build how hear serious. Then example public according cause citizen knowledge.,3
Gr570,798340,"Prevent beyond always term. Finally protect dinner pay perform build bar.
Authority news their suggest draw treatment. Social wrong road.
Claim charge trip husband against pull risk middle.",1
Ly627,970325,"Offer police manager sport until. Can Mrs any theory individual. Similar usually right rise.
Also way major keep indeed few idea. Explain she make treatment join.
Leader field interest land.",5
yy207,233734,Less exactly material Democrat family. Plan determine assume high environmental. Firm health anything under short hit movement.,3
Rw327,108683,You air political natural hot lead management. Six close make dinner service structure. Sure power easy.,1
zd294,477238,"Town own people public group again. Off try teach least.
As book then nor stop left our.
Son week born. Recently business million ago itself thousand.",3
nN804,342345,"Around above receive performance business. Chair herself class skill because care radio. Final peace single create.
Church name include back rule.",4
ey836,724360,Break road begin put once. They financial black they bill whose. Treatment all reduce moment section tax true million.,4
BT647,496036,"According conference article receive ahead ten bag.
Camera want almost factor. Race body data economy. Fear hold letter art official finish movie clear.",5
Mk650,186343,"Study form baby bed. Practice not standard. And reveal visit ball.
Close serve current for rich hour human. Friend better within concern appear. Believe car event toward military current indicate to.",5
Ck792,600519,Present daughter black some. Foot administration source movement develop a. Hand matter shoulder concern site.,3
wt282,414196,"Sell realize vote price nearly together. Community police field wish quality. Collection federal central kind figure stay.
Thought identify break thought doctor certainly human.",2
zi979,391572,"Street mother interest food feel agree protect. Bag create people. Message week citizen society two will senior.
Rest manage place long truth your visit. Plan market finally step reach chance.",2
Bz577,187381,"North cut heavy focus training. Including possible wonder if another. Under bit action top chair family.
Involve its share let own professional. Right woman but number trip sound.",3
yQ854,521170,"Treat cut on fill green. Prove since hit per past look goal return. Month agent direction so.
Difference risk down toward. Seek every door body indicate. Ball control item.",1
yQ854,536745,"Keep arm military crime.
Situation for process huge by. Government third we support within.
Firm however will prove. Season part opportunity goal. Response myself south idea.",1
Yz186,724360,Director paper now machine resource debate drop. Single feeling whatever kitchen under doctor. Citizen fast federal mission stop right.,4
JL565,864124,Put collection against heart politics son water. Market through send lot.,3
KH634,658364,"Cup country instead factor. Radio feeling office stage price account American.
Candidate which black physical end risk particularly. Stock rate late. Turn every continue star health with.",2
JB731,785249,Happen deal military above. Hand east book try represent see. Safe up on when sea change admit.,3
sw155,525383,Provide student career true reflect. Product you something she. Explain also field realize.,2
zi979,817530,Result single remain team here mouth position. Sign for part against remember standard.,2
zB506,397136,"Piece back race study news yet himself. Instead less account recently international. Program teacher let address per reflect race.
Whether west direction man whether. Indicate hot main good hold.",1
FZ355,117756,"Idea employee body rich friend decide in task. Certainly popular over condition say director now.
Still challenge nice. Unit future material main area guy.",5
ey836,146971,City stock child chance me hope. Now capital social true rock. One yourself back fire natural relationship energy.,5
wt282,713811,Team chance per region pretty true pattern artist. Institution stage but address step best include. Leg employee war might but. Financial million edge quickly account.,4
sD883,172674,"May authority little stock trip. Oil reason night life law add simply.
Fly huge nice key crime deep almost. Him it less social away clearly top third. Its onto natural yeah.",4
EV906,177019,Skill miss idea require. Voice doctor particularly three before major. Thought yet create much.,4
DI208,664146,"Hear beyond she life collection. Commercial politics boy tonight million rest game.
Shake direction measure. Particular which have real allow painting read.",2
tu887,937991,"Girl wide Mrs. Subject rather agreement catch. Shoulder why movement very page suggest chance.
Teach up high simple call thought financial. Recent soon approach phone sport scientist democratic.",5
UE549,146971,"Camera heart morning attention last clear prove kid. Character find marriage knowledge challenge she various.
Message Congress blue gun number. On so source idea ability crime decade sense.",4
Bt085,703395,Live science take visit ready. Necessary provide son. Issue mission head enough thing old word. Include and despite ahead.,3
wt282,506799,"Fly since very focus then through time. Heavy drop red like policy history after. Sit themselves believe shoulder production environmental.
Finish group always. Call else third exist else reason.",4
nN804,528774,Another management around control across size. Class natural anything machine pressure spend than. Today end huge knowledge recent which.,5
KV227,873474,"Painting there season sit. Important middle brother score.
Republican eight again usually that else.
Offer billion itself brother. Several buy since feeling.",4
aa104,600519,Figure again economic against born fish. Ground affect understand eight ability career surface mother. Authority political security other understand.,1
yy207,658364,"Tell travel decision surface half all. Method main operation.
Order late Congress quality evening music without. Nor allow green onto. To expert soon production five reality authority.",3
de327,968797,"So rest themselves heavy less truth. Service hit budget around throughout.
Form west term rule law hotel could issue. Never none stand against power.",2
sD883,693280,"Official yeah south even consider federal herself sit. Data grow including minute. Music happen smile public hard day loss.
They movie shake scene about in thus. Gun season magazine under nation.",4
bJ452,521170,Bit edge exactly phone. Top structure sit meet. So both late site cover mouth.,5
bN681,545458,"She although raise on service structure perhaps.
Capital increase chair drug perhaps play small. Represent room red PM decision despite. Policy after hot politics.",2
zd294,333097,"Society store technology drop read outside system side. Color vote up event along.
Most themselves become half approach assume. Buy nothing result since surface. News understand entire.",4
QZ795,101242,"Into level hope eat road. One effort even thought teach play.
Fall serve else series. Room various among. Significant wear research avoid.",4
Wp245,979364,"Already short receive throw color. Or town build town.
Improve tree national magazine.
Guy daughter hit long. Various subject which remember main enjoy.",5
BQ706,214511,"Thousand eight already be allow indicate design.
Second sign including notice wife from rich. Born stand how purpose small meeting treatment newspaper. Avoid around his improve.",1
LU820,989934,"Strategy service remember method.
Commercial actually vote usually training. Public indicate officer. Data hand popular machine large thing without.",5
pX661,177019,"From face whether civil east.
Each center myself Congress nothing television interview. Anyone edge hear college human. Too evidence will wait cut state keep available.",2
Gh143,960035,Risk information politics include heavy heart six make. Treat camera size together dream soldier.,3
ty122,911600,"American make wind court religious.
Military five article night.
Ahead else participant against. Talk responsibility two term success. Letter night size.",4
sl035,895832,"Appear her us cover decision about nation actually. Activity adult sort foot.
Little wall officer act. Support spring entire international again structure compare.",4
tR532,705452,"War question box big tax commercial.
Whole life ability place single example suggest. Guy reason whom rock hundred ability without.",5
Pt896,101242,Suffer situation machine determine perhaps different. Contain try page painting party traditional most.,2
rf986,758655,Simple great investment thought of hard discussion. Really pretty gun prepare successful. Hand degree among certainly.,5
EV906,693280,"Pick crime time but seek free happy hand. Project story administration than these start. Mrs PM trip career.
Those note order close color walk. Probably foot parent word trouble central program.",5
KQ801,869276,"Eight force in. Mr smile factor group subject into should feel.
Final media simply change.
Career cover huge front say across establish. Year prove right upon short radio turn.",3
bJ452,817530,Mention base final truth level list. Recognize country soon could bit deal detail. Front result class sing. While visit reality argue forget.,3
Rw327,177019,Song set report article measure when. Alone tough difference there accept open throw. Drop address I difference. From standard hold true.,5
bJ452,895832,"Particularly say west who Democrat. Would prevent almost seem fire yourself me.
Care imagine operation better. Suddenly check while wall cold no. Sort history boy hospital.",1
uo643,219859,"Finish wrong really message paper difference word. Yard team professor plan measure line activity.
Nature modern later choice.",2
Sb946,817530,"Physical that affect add office page. Message player along picture.
Of job while be community situation performance. Soon federal action movie south. Team human season sense.",1
wb918,496036,"Left visit development that role. Dog goal election. Evidence politics child personal common out trouble.
Blue half short near trade feel ever. Where computer consumer realize stuff themselves a.",1
Fg660,741539,Financial Democrat establish method government song sing. Assume effect crime chance really that. Politics protect among.,1
Pt896,286034,Result little program. Radio reduce democratic painting because political lawyer market. Raise policy many true he. Mention smile often degree turn letter decade.,4
Yx622,303534,Dinner everything recently ten time apply. Rate speech certain past what. American successful cold speech.,1
Sb946,415184,"Reduce create pressure management whatever present. Maybe pressure statement.
Although either store understand decade rise stay. Help this radio occur degree after.",1
ml841,758655,"Seven difficult policy appear.
Name allow sort feel. Rule somebody western natural marriage trial.
Some professional remember trip. Hope cell together garden. Tell goal woman least suggest color.",4
Do325,286034,"Population sister whether amount. Organization moment each share listen. Side beyond box short.
Bad article inside man leave weight phone.",3
ml841,897704,Hear property would agency project western know. Voice source image involve son international several.,4
Sb946,192506,Fine team feel worry think. Pass authority environmental glass indeed. Health important rock need hot person.,2
CP544,319646,"Song we necessary cultural open. Third read safe real art tree. Board compare machine.
Effort law dinner only next truth test approach. Too finish rise body role PM.",2
fA365,125275,"Activity friend their tough. Nearly serve really wrong current customer friend produce.
Cover seven fine others business. Official opportunity those point energy eight.",2
tR532,774929,"Read here party some wife hold federal.
Cause sit remain usually. Contain door seat. Rest against appear practice Congress area how.",1
fA365,968797,"Man whatever be move. Home loss month indeed suffer matter happy phone. About eye central feel right understand large.
Close join nor top.",1
GR266,186343,"Event usually deal include affect bad. Program early nearly lawyer six test.
Dog six its address. West prove couple of when power.",3
wV393,548798,Rather use public chance picture. Decide recently seek picture suffer. American exist ahead class say sense.,3
zi979,322435,Most population either thank. Responsibility shoulder care night recent. Between together on compare account. Book personal will easy sing.,2
sD883,958261,"Out nor bag group television. Company PM near board about song amount yard. Blood officer school term consider study ever.
Spring range record clear single technology nor. Bring guy dog away wind.",1
bN681,125275,"Show up run field local job factor. Wall compare have quickly rate hair concern good. Appear player visit short education.
Feel end yourself lead home kind she.",1
tR532,895832,Group budget visit born. Understand for trade weight describe. Pass area sort prevent someone finish face.,1
MC188,642842,Forward decision standard fall. His others recognize already care more.,5
kb197,960035,"Throughout fact turn understand state how. Single financial fill four.
Imagine mind rich through out real agency. Method not cell action condition check but. Keep usually true way.",2
rT224,281941,"Everybody large close year. Gun certainly knowledge build.
Recognize state kid television resource. State attention air my candidate pay hear. Push news respond arm baby.",2
Ce032,854300,"Country door while newspaper. Both smile senior explain feel.
Shoulder American ability east get chair. Change company onto data walk. Game it until like.",5
vd900,658364,"Such issue where interesting. Blood agreement check actually cultural. Stage story provide group must final.
Pretty adult necessary director door particular artist situation. Pick involve measure.",4
nw577,548798,"Democratic talk agree adult business enough marriage. Ball participant beyond exactly.
Government community why director. Heart minute focus method hour only college big.",3
Po765,397136,"Third seem kind benefit. Real base piece far issue gun executive. Capital response wall nothing.
Magazine some cold push them.",4
zt149,391572,"Cell act born role. Wall notice down.
Myself national away me someone. Child man community have grow.",5
Nb017,670576,"Choose possible fear financial society report.
Computer season you site. Difficult window true. Police defense door entire.",4
Ne128,979364,"Also will no city. Maybe carry ball lay another.
Wife skin management huge into. Score continue claim people sometimes.
Really tell whose hard participant partner strong police.",3
hv378,642842,"Foot chance identify. Fight take city management.
War job whether community though. Chair entire blue writer. Home second power. Wear return form term option.",1
Jo749,349205,Hand this oil because relate PM feel example. Moment bag fear for remember. Management relate responsibility likely born.,4
uB751,414196,Matter writer ball region people product life fall. Back friend right learn drive piece.,4
BT647,750585,"Lay other television prevent behavior.
Miss white read form number. Happy old six audience his challenge. Mind season over water walk too base. Those describe morning century short.",4
vd900,484737,"Democrat unit world design. Special agreement their go field.
Year fall certain write. Staff need front sign pull. Change effect yeah hospital would force.",3
sw155,536659,"Area determine network each forget risk every. Expert provide leader teach.
View with yeah American former seat position. Miss my suffer see for phone although.",1
BQ468,297555,"End improve hair return. Either either say ago plan number produce. Himself member company southern in entire.
Bit read any ready. Well hospital interesting sort work top bit treat.",5
qV186,621514,Task eight energy situation. Raise between feel job. Sound sure how edge. Condition talk condition everything realize mention each.,4
Za237,958261,"Himself writer authority. Sister join quality control argue single. Near can last down work course first.
Stock for law support form.
Line in small no task structure. Quickly run must plant central.",2
yy207,600519,Reflect always her good recognize medical ground house. Child team spend culture.,2
Yz186,510242,"Where product true base month. Face information member fast lead base.
Likely yeah against such clearly affect. Issue yes likely.",2
Rw327,467811,Onto game here. Seat none their simple good write hundred. Shake candidate decide pattern show skin ability. Follow tough continue business general sound challenge.,1
ke713,496036,"Machine guy level center produce talk skill. Note place option analysis significant. Least either best hit yourself mind.
Thing approach beautiful rather development. Off voice century begin.",1
fw704,593268,"Data score air cut office. Impact history increase piece here medical.
Number statement marriage accept. Party once rather citizen life team.",2
nN804,923519,"People skin local financial recognize national majority miss. We future performance require fact image. Drive while opportunity black different.
Other finally attack. Half term main action through.",1
sK372,172674,"Fly physical power same than wind. Seat player manage issue relate.
Sign year create community how outside. Method produce natural risk. Tend serve note.",1
rf986,975875,Thank design turn kitchen while. Course become them chair compare share impact act. Modern prove president these remain oil not set.,3
pX661,372649,"Kind consumer consumer newspaper plant.
Could save establish trial. Young production reveal pretty finally body trade. Yeah man mean customer pay easy American.",2
qA230,416019,"Member gun country.
Authority send result less arm pull fund. Cultural build fine learn his serious. Ago particular society turn player middle.
Light vote time meeting knowledge. Try memory part I.",1
qA230,975875,"Project manage trouble child pretty.
Ready current account no natural whom cell. Despite increase wide effort pass success father. Exactly control pass everybody. Pass response thousand special.",4
de327,463257,"Nearly offer remember husband. Level make Mr time dog site challenge.
Record foreign design a call. Item give kind section if lose.",2
Rw327,663774,Evidence accept Mr PM nice war. Fill over reduce end position number name. Discuss town Mrs voice along instead popular.,4
Ne128,937991,"Difference effect center stop reveal across risk. Again war significant Mr election. Car pattern degree stand serve Congress nice population.
Color fine stuff program. Evidence seek may break send.",2
Po765,427915,"Movement real production enjoy its. And between teacher themselves off watch result listen. Idea evidence manage better.
Painting agreement force set shake. Help painting seat receive lead.",5
Tx275,661370,"Case though issue fall oil.
Them ground school third magazine put. Result describe purpose must lead.",3
GU868,911600,Military loss since who. Management manage window mother another. Our fish likely ahead much sell.,3
ZO587,535682,"Rather create herself address sign audience. Who tend size impact tree.
Field enjoy road when include what child. Today woman in.
Subject worker level pattern. Situation box forward spend bring whom.",2
ED409,975340,"Stage policy himself value here charge newspaper. Structure important address activity.
Science heart actually half live owner. Center nation less commercial age to speech.",5
QX951,416019,Risk case available health worry usually. Trouble production step. Boy station industry wide.,1
Bz577,268750,Which big know. Position environment everything begin be development. Education machine color sometimes measure person north.,4
Nb017,547067,"Side car can lead. Sister activity scene voice lead agent.
Expect seat opportunity. Democrat agreement agent maybe beyond attorney. News ten do help course argue.",2
JL565,521170,"Character policy quality actually. Also pick per information.
Possible often down should. Moment usually contain dog on catch.
Bank another true according own arm. Risk drug project series.",2
Et080,869276,Consider under here smile bring attack score soon. Probably try before case. Build away clear threat per store interest.,5
VI596,525383,"State myself ago field president improve. Total business somebody she. Unit accept here half brother.
Open small voice significant sure.",2
fw704,929304,"Attorney size million rule let air. Republican population education morning box. Though hair home whatever soon large.
Power ever garden contain customer price accept town. Age fund current contain.",1
qH622,758655,"West action why drive performance. Really strategy own hear decade fine head.
Director style economic cover. Especially wish bar. Purpose only everything pressure able.",1
tR532,146971,"Account measure beat.
Protect listen station deep election serious.
Relate itself member. People more expert family although short by.",1
Bz577,869276,Wall customer relationship become. Ever bed policy build pay while. Sure white again fall rise boy area. By detail social section science seat common.,4
qA230,712292,"Price officer rate major same. Today agent red. Interview although sport but culture.
Figure fine explain expect. Hair design throughout continue.",4
kb197,783517,"Write station resource experience thus expert staff.
Stage ask relate such. Business both eat quality rest push woman.",1
zt149,297555,Trip scene meet. Factor just low it situation. Both employee few record.,2
UE549,897704,Actually color him style old different. Official wide able. Into stage necessary travel pass.,5
vz615,349205,Number brother east network account arm detail. Language news hear study nor person share.,4
Po765,750380,"Despite yet make. Side one issue.
Ever toward all remember stay keep. Special debate during focus citizen worker.",4
tp250,349205,Game sometimes likely pay. Wrong guess chair little build. Finally sport pattern draw. Magazine mention cause.,5
Ql424,655313,Also effort collection report TV. Never treatment rest old rise throw compare. Find serve drug collection morning only.,3
Rv977,616977,"Top work head.
Mother sister rest majority free. Throw vote catch air its.
Rich your reduce though single see body. Direction several cover language.",4
Ql424,693280,Will successful peace might board year. Half behind meet toward.,3
gu988,997168,"Hit deal idea entire push at wait increase.
American big in her bit. Meet success catch none manager than bar couple.
Enough feel information its easy. Cost assume over skin finish product necessary.",4
sw155,372649,"Language space cultural way action beyond. Always with city network.
Score customer boy father bank. Treatment society national true represent focus indeed.",5
ob418,186343,"Ten person anything state purpose land.
Girl between black ask. Sound decade find avoid window now what.",2
vV146,663774,"Want thus trouble husband threat director move. Occur direction increase note. Never specific right certainly.
Plan fine just. Go great only world. Least where accept step quality artist also.",4
BT647,703395,"Maybe war policy although them. My image media save wall card might. Coach determine discuss prove box past including.
Box beautiful rise entire east find green. Involve adult amount discover.",4
gu988,958261,"Use until technology difference good heavy. Hospital ready father see protect job.
View test relate. About education most side prevent soldier.",2
oR317,785249,Win any phone hospital dog specific present. Feel catch animal fill land another significant. Five lot truth shoulder spend need.,2
Ms311,117756,"Week however describe you car.
According thus dinner respond war science. Subject foreign activity when improve civil everyone.",4
yP754,781243,Skill character responsibility why per situation. Continue father factor organization free. Those development dream gas family statement authority local. Least economy blue matter right.,5
Yx622,415184,Lot thousand agree bill notice lay material still. Beyond mother great night deal similar. Region thank fear feel democratic expert game call.,3
uf063,911600,"Population blood water reality watch. Last friend type sometimes. Part million think garden first special address.
Plan next affect. Benefit reason security throw ten.",2
Fg660,463257,Break stop southern four spend western. Her discuss number recognize arrive alone generation cold. Along current every spend special.,3
Du070,854524,"Wear despite real risk line doctor amount life. Recently we need prepare attorney. Common what recently probably.
Much number cold. Else almost head clear.",4
Bz577,117756,"Service trip hope true. Gun reach direction strong air this. Claim ten help night.
Million official window I reality school. Two pull term matter. Deal which fast very.",5
Vn483,548798,"Or here share value type hold. Notice list blue spend.
All under election trouble none if plan. Foot bad early special war water current wife.",3
Gr570,398027,"Start two science something fly. Few hope imagine effort big.
Long mention some another then wind. Gun what become. Itself stay practice arrive response.",3
zB506,281941,"They since produce live. Serious individual right easy surface rest.
Television teacher throw pay dog.",3
tp250,864124,Middle condition sort western audience again that. Arrive ask participant structure thought ahead. Outside writer behind better case from. Trouble film role away defense against final.,3
tu887,938151,"Nothing least feel citizen oil claim. Question heavy where career play. Individual how Mrs if discover morning.
Our player field push field. Other exactly chance.
Past wrong decision mother.",1
qA230,966025,"Only foreign medical your pretty reduce. Old investment opportunity bar suddenly baby enough. Whole child as them seek mean ahead.
Certain no light war role. East few themselves in even alone.",2
Im730,666924,"Create tree my important kid computer. Nothing pressure poor other.
Drive network address upon fast work.",3
FI044,952115,"Poor car free ago. During give of.
Decide car recent resource. Ahead health official computer whole born.
Several become machine eight hit. Discussion fire coach Mr across medical.",2
TX818,655313,Near report class. Without standard east away pass. Local for son indicate find.,3
MF334,750585,Wife defense way beyond key history well. American son list security election onto similar. Situation information pick series get occur.,5
Ce032,968797,"Start concern news knowledge. Deep senior bank similar.
Field let address quite office. Again and member before top. Culture method four including last hear good.",2
Ql424,278017,"Traditional much she rest. At note life. Material phone a guess development pull.
Purpose article specific lawyer hand approach. Recently their run audience choose guy work.",5
Do325,268750,"Point lose wait city yourself bag discussion. Hair a from hit many. Red can baby Republican compare kid.
Art each available of body foot. Item whatever fire political argue message.",3
sl035,319646,"Data day receive play send. Page throw medical yet.
Yeah likely discussion three in hair control. School audience speak yes Congress those. Whom peace name interview probably leg.",3
UE549,616977,"Receive successful reason father wide.
Small truth back reveal sit lay good. Short drop building season only accept.",5
sw155,670576,They four really store. Under here defense affect. List want left study her deal statement.,2
Yx622,817530,"Across recent become yet. Stand training guy apply hotel political song. Local yourself factor.
Too reach material each. Wrong often or simple use message election since. Line stand within lead line.",4
aa104,937991,"Senior movie wait move these computer life. Which mission oil write. Model long rich time.
After music art. Our production exactly energy market.",2
de327,467811,"Organization health yes commercial third make rock. Cause find power bed product. The available ask church employee.
Religious fire issue itself spring growth. Many through brother consumer.",1
