product_code,product_name,product_vendor,product_description,quantity_in_stock,product_category_code
fc019,SuperSoft Cotton T-Shirt,Lawson LLC,"Mr tax feeling bad father. Apply account rise west life. Store wrong too capital.
Place if instead former rather lead arm.",335,rI587
Et080,UltraGrip Running Shoes,"Shah, Taylor and Parrish",Others air school entire recent go often research. Should concern series similar. Certain energy office law politics age.,5,WZ280
uo643,Premium Leather Wallet,Short and Sons,"Rise beautiful choice your could fight. Black glass present leg main unit.
Lead prepare rock great rather kind business whom. Than front record page ten. She up fall good long deep.",547,tU887
yy207,FreshBrew Coffee Maker,"Mcgee, Atkinson and Sawyer","Member serious call peace affect paper might career.
School son meeting authority wait loss break medical. Tough sea science your news.",647,BN975
OF847,LuxeComfort Bedding Set,Hawkins-Moore,Identify example thank high tax five important. Play from how. Town season country. World industry military be second really.,176,Ol788
zd294,ProFit Gym Shorts,"Donaldson, Lee and Cline","Expert morning compare. Section beyond go.
Others suffer enjoy customer set increase future. Career tax also.
Walk step better many quality receive issue. Impact trial old plant life school drug.",878,wb439
Me992,EcoFresh Bamboo Toothbrush,"Wilson, Scott and Palmer",Card make plant sure old expert I. Growth language ok information cover consumer morning. Have president federal while.,900,Yb220
Sa534,PowerGlide Laptop Backpack,"Murray, Clark and Walker","Body floor buy Mr plan federal. Sport green ten its machine grow there.
Mother pay foot article center class. Above relate couple easy.",686,MK597
xz605,CrystalClear Water Bottle,"Ford, Smith and Salas","Policy right film first either. Can couple explain crime. Chair old especially speech could assume.
Maybe go production why pull fall. Factor they head south something family.",568,Ia970
JL565,Chef'sChoice Knife Set,King-Ochoa,Century call degree the recently civil. Responsibility as central gas policy. Base land result capital. Rock prove increase son watch help job can.,483,wb439
Rv977,AirPurify HEPA Filter,Ingram-Mora,Level here of nation road. Choose maybe several campaign ahead first reflect suggest. Social administration during rock down dream sport. Third yard cup but.,600,Yb220
NU552,OrganicGlow Facial Serum,Holmes and Sons,"Usually surface our couple matter. Section ask civil course development employee.
Turn behavior thus its half if fact experience. Training cup present together.",600,vi245
QZ795,FlexiFit Yoga Mat,Baker-Jenkins,Level just build building generation key hotel. Risk stuff control treatment amount north out. Chance upon question guess what unit.,287,yO933
wb918,TechSafe Laptop Sleeve,Avila PLC,Cost push science exactly put admit. Open two series truth. Might air teach old. Open no ball TV score.,802,LZ892
wt282,MegaChill Cooler Bag,Johnson-Coleman,Example defense agency property. Store traditional yard special. Watch measure partner.,588,Yb220
qo264,NatureSense Plant Pot,"Morris, Grant and Cohen","Main mind expect Republican.
Ask fund after provide fight. Determine treatment raise once. Learn policy large different.",865,ga985
Tv162,SwiftCharge Power Bank,Rodriguez-Martin,Hair hard memory machine movement like. Whatever people PM fire. Range century bit.,962,tU887
qA230,SmartClean Robot Vacuum,Vasquez-Gill,Magazine play body out politics maintain wait. Pm compare first commercial deal decade attorney.,379,gy809
SZ182,AdventureSeeker Backpack,Rodriguez-Anderson,"Ball field manager better why.
Degree check but step true time poor. Sit church raise movie offer lose.
Material low teach stage so. Usually growth question whose support.",973,zt574
BQ468,Fashionista Sunglasses,"Elliott, Jones and Morris",Lawyer name street happen Mrs. Child former movie commercial young impact. Minute up nor though. Foreign month fear campaign gas.,247,vi245
TX818,GourmetBlend Spice Rack,Cooper and Sons,"Nor hospital by company other factor. Read political kitchen upon ability must specific future.
Accept capital education often reality your. History particular hope already local.",62,gy809
uB751,HarmonyHues Paint Set,Perez LLC,Series couple to loss whatever. Purpose lot choice stay price operation today. Include almost mother Republican.,302,yO933
KQ801,FitFlex Resistance Bands,"Harding, Lee and Martinez","Others wide reduce them you draw teach.
Suddenly section only class go democratic since. Green coach entire kitchen teach long.
Look again eye rise officer product.",854,WZ280
Bt085,ChefMaster Cooking Utensils,Dodson-Arroyo,Everything want themselves structure take final account newspaper. Structure wish most. Ready industry act say writer population employee.,675,Yb220
yP754,BeautyBoost Hair Dryer,"Hatfield, Hickman and Kelley","Cold who research also. Can crime in will fund wind long idea. Window central foreign father agent wind none.
Remain very will. Old case style life then visit. Rather our recognize.",715,PZ974
GR266,PeakPerformance Protein Powder,"Mathis, Wall and Rojas","Personal law action imagine college decision stop. Loss when I. Capital at girl why create.
Within clear government end choose. That single nature him than soldier.",784,BN975
MC188,TranquilVibes Essential Oil Diffuser,"Kennedy, West and Anderson",Attorney amount building option true nearly energy itself. Very rather Mrs animal attention. Information avoid direction environment lay cup.,852,rI587
DI208,ZenZone Meditation Cushion,"Anderson, Maynard and Gill","Very trade statement operation probably member. Care ability west everybody imagine.
Force nothing remain hair fact billion. Else decide movement few. Commercial quickly by specific get member.",856,VY099
Wp245,SportPro Compression Socks,Edwards and Sons,"Both high get own.
Partner check member term. Event plant spend present. Animal Mr actually somebody effort she.",165,yO933
Jo749,EcoScape Bamboo Cutlery Set,"Fisher, Davis and Ward","Road stuff last. Set order rest wide truth mouth.
Work serve finish kid none whom. In policy over great live city.
They more century while wife. Sing trade attorney.",558,Ia970
Gg909,UrbanExplorer Travel Backpack,Paul-Goodman,Senior add necessary name artist especially weight. Space represent help friend same take organization often. Discussion one camera cold language participant certain close.,555,iq173
vd900,FreshHarvest Salad Spinner,"Ramirez, Mcmillan and Roth","Third animal relate method law table. Voice several forget mouth per measure girl wish.
Smile effort it new stock capital art. Quickly identify guess media. Recently great two.",693,MK597
BQ706,AquaZone Swim Goggles,Gates-Owens,Create edge consumer country carry. Sea under professor civil evening less miss he. Military director bed job dog significant.,537,ga985
Bz577,BioGlow LED Desk Lamp,Lester Inc,"Direction land government house enjoy. White himself know same.
Race so same. Force white town set music.
Describe style at challenge.",456,ga985
hn436,HomeComfort Throw Blanket,"Scott, Reed and Curtis","Director you president positive agency.
Choose knowledge another through follow. Thank case accept.
Feel able low on daughter treatment.",406,BN975
oR317,IronGrip Dumbbell Set,Myers-White,"Although similar until price. Issue forget garden food last your information. Understand well into newspaper.
Break serve raise plan.",294,VY099
VE343,Nature'sGift Aromatherapy Candle,"Miller, Williams and Wallace","Western store election course and direction despite. Security commercial dog serious yeah trouble film.
Store whole expert opportunity these. Analysis better contain quality price imagine similar.",251,VY099
LI971,WanderLust Travel Pillow,"Andrade, Williams and Wallace","Here watch century religious easy rich. White husband notice phone safe phone share blood.
According into staff. And whatever budget him.",879,iq173
nw577,StyleSavvy Makeup Organizer,"Davis, Howell and Mitchell",Customer especially scientist audience marriage. Star organization whose design various middle. From bit bit because central enter anyone.,218,rI587
XI464,ComfortZone Lounge Chair,Torres and Sons,"By seek discover police price. Color make can weight with. Pretty difference public rich win.
Too common clearly long. While position machine simple town environment radio force.",274,wb439
FU976,ZenWellness Meditation Kit,Hunt-Sanford,"Still social represent certainly.
Hospital break fight skin read. Recent region cover despite region let big. Western management buy toward possible else involve.",966,LZ892
Rw327,EcoEats Bamboo Dinnerware Set,Woods PLC,"International article approach Congress clear alone no.
Lawyer word exactly arm. Too thing expert visit leg among. Natural group without bad apply.",387,vi245
ey836,BlazeTech BBQ Grill Set,Smith-Clark,"Although country store too. She wonder she forward also once no century.
Hope left list determine interview. None society yet fact may. Culture who as sea rather society.",214,WZ280
zm047,SoundSoothe White Noise Machine,"Oneill, Roberts and Barrett",Me store catch nature sense image particular. Prove recent apply different everyone maybe parent. Improve or knowledge seek idea when instead.,565,Ol788
Rc224,PetParadise Cat Tree,Landry Inc,"Ground near natural himself remember learn. Same artist return exactly.
Special fly program. Their try relate level figure opportunity maintain. Choice budget suffer hotel stand.",538,ga985
KK272,InstaFresh Salad Spinner,Bennett Inc,"Husband different month half commercial. Bag but skin student after.
Type because present if peace man. Particularly represent unit pressure politics mouth expert realize. Partner couple miss peace.",84,Ia970
Ez267,AdventureReady Hiking Boots,Atkins and Sons,Unit down mission activity. Property cultural major themselves usually act. Condition daughter surface reality will drop plant.,580,zt574
Gr570,ChefDelight Cookware Set,"Owens, Gordon and Hudson","Bill together plant discussion third. Heavy professor camera effort set card do. Art data commercial key population deal letter.
Beyond have trouble PM including military.",347,tU887
rX151,SleepTight Weighted Blanket,"Murphy, Thomas and Dixon",Whether hard million no speak although subject attack. Each hundred set have government current interesting. Maybe company happy data service. Strong my firm environment reality.,551,Ia970
Ms311,ProForm Workout Bench,"Reyes, Hubbard and Bailey","Themselves design cultural data. Model gas product personal trip late sit song. Many head people.
Suffer once before alone to line. Rich reflect pull politics share. Modern support while light.",242,yO933
Ck792,GardenGlow Solar Lights,Baird-Wagner,"Everyone tough marriage none discover. Before measure avoid.
Situation grow daughter from space real five. Care together guy paper billion left building. Relationship us record few produce.",651,BN975
ZO587,EcoCleanse Bamboo Cleaning Brushes,"Dickerson, Rodriguez and Mays","Usually that nice million my far box. Account field each wind imagine.
Different while wear speak memory wife. Enjoy pass hospital artist church. For perhaps build military.",551,Yb220
sc869,ChillZone Cooling Towel,Tran-Shannon,Ahead significant value consumer above high model. Cover strategy full add economy what wall.,441,iq173
bJ452,StudySmart Desk Organizer,"Collier, Brewer and Anderson",Everyone PM rise summer song visit concern. Month left development huge. Indicate spring market democratic thus which statement.,939,LZ892
CP544,FashionForward Handbag,Mcdonald-Thompson,"Third court position wide. Maybe size watch hundred. Common in plan sound believe ahead why.
Improve think short natural.",489,BN975
Za237,AquaPulse Water Flosser,Lewis-Allen,"Sit such dream same. Your sell none current really condition.
Treatment discover agree manage. View mother issue image. Can simply beat throw painting.",738,Ad560
sp852,PowerFlex Resistance Bands,Gonzalez Group,"Over identify decision old. According nature will strong rest.
Trip strong development. Sister born new population.
Bed someone worry you easy.",713,WZ280
Pt896,ExploreMore Camping Tent,Taylor-House,"Stage throughout agreement.
Phone parent agreement ok method. That firm animal entire than or.
Set sort majority security history floor interest somebody. Point place add pay ball strong.",448,Ad560
fw704,StyleSense Jewelry Organizer,Rodriguez Ltd,"Or management realize style place. Be give theory scientist.
Third response million analysis campaign hear chance. Purpose heart kitchen board.",158,WZ280
Yz186,SportZone Exercise Ball,Richardson-Harper,"Near cold explain bit exactly. Writer seat arrive professor.
Phone radio box power PM clear back. Learn short move.",810,zt574
Ql424,EarthEssence Bamboo Towel Set,Harris-Carr,"Medical increase right onto cell. Name computer world product space real shoulder.
Enter time hour while. Discover mind building remain kind. How drop nearly draw.
Officer up change north.",207,zt574
uA529,CozyComfort Throw Pillow,"Hill, Garrett and Ibarra","Break behavior trip deep nature cover where. Water so act appear from project.
Be want score speak discover. Decade floor field case.
Paper movie job turn. Fast animal computer play resource.",597,ga985
gu988,LifeBalance Wellness Tracker,Walker-Lawrence,Among never while outside smile. Image nice season ground court position option record.,585,yO933
Fb986,TrendSetter Sunglasses,"Suarez, Deleon and Waters","Sell always scientist yourself realize.
Free until check that. Window small word travel us half.
Involve after suggest group even. Even push open. Personal old country. Build official of.",729,QN086
WJ057,EcoChic Bamboo Toothbrush Holder,"Golden, Perkins and Foley","Race event night radio statement. Everybody story game.
Note may thank. Give quickly style glass certainly able pull. Recently glass safe decision. There operation course law watch.",933,Yb220
rG959,Chef'sDelight Kitchen Scale,Salinas LLC,"Yourself growth next improve gas. Exist loss have quickly operation increase.
Though travel image. Large not concern study bank yes. Cover couple keep half.",237,iq173
Po765,NightRelief Sleep Mask,Rollins-Walker,Bed long place official. Figure raise per war. Example Congress she because. Clear despite argue miss.,109,PZ974
qH622,TechTrend Wireless Earbuds,Gilbert PLC,"Degree page pull herself too choice. Expert lay remain future his director.
Beyond remain deal offer job. Record sport speech knowledge business group decision. Accept fill admit quality heart.",976,zt574
qV186,PowerUp Portable Charger,"Mcintosh, Stewart and Douglas","Debate listen able. Billion through entire report approach effect sister. Wrong table political color.
Identify give president man into anyone.",372,LZ892
Ze258,ZenGarden Mini Fountain,Hill-Brown,"Court remain baby history area. Medical blue cost.
Something law writer outside force money. Consider arm glass make interview above. His owner stage clearly.",407,iq173
zB506,HomeHarmony Oil Diffuser,Nelson-Miller,Yet allow toward decision give threat successful. Nothing light foreign factor memory choice agent.,104,Ol788
LW967,UrbanEscape Backpack,Bates-Schmidt,Ground civil tax issue where use. Cup buy economic since of common trade. Under large talk visit. Break consider floor fear work heavy fear.,57,BN975
FC539,PetPamper Grooming Kit,Monroe LLC,"Friend doctor model leg staff never.
Sort better meeting send let husband oil. Experience again what eat. We system family year example difficult provide.",812,zt574
vz615,StyleStash Jewelry Box,Liu-Sloan,Street behavior attorney play with would. Put fly travel bill movement see land. Very possible short ground teacher say. Shake knowledge front particular response.,597,iq173
xQ136,EcoEase Bamboo Soap Dish,Fuller PLC,"Become anyone small second. Physical sit they audience table. Base each paper film.
Meet purpose most. Name travel pressure certainly start.",395,Yb220
Ly627,AquaSplash Water Bottle,"Whitehead, Terrell and Gutierrez","Information suggest Republican cost beyond. Strong somebody great. Tend true too summer class single.
Agency Mr radio bed go. Brother indicate continue.",752,wb439
sK372,FitFlex Yoga Block,Parker-Roberts,"Ten speak stay professor walk clear. Of throw figure can behind.
Open question TV.
Ahead area leg manage where so position dinner. Mother field mission despite relate begin physical.",787,Yb220
de327,ProGlide Shaving Kit,"Flowers, Morgan and Wells","Into popular about finish but resource sometimes. Great help carry set hundred. Foreign it hope film knowledge parent.
Too both yet movie event pressure. Set yes read sport still shake seem better.",846,LZ892
MF334,AdventureAwaits Backpack,Miller Ltd,"Wall economic positive out site such. Understand need late white theory account sea.
Process song on include attack across go live. Thing happy consumer recently. Form law though watch expect.",191,yO933
VI596,Chef'sChoice Knife Sharpener,Kim and Sons,Somebody capital around item. Pick market section nothing energy.,401,MK597
ke713,PetParadise Dog Bed,Russell-Robinson,"Number tax positive land large be major. Go adult candidate measure.
Hold above maintain fall list cut face visit. Bit include six strong suddenly eye.",2,rI587
ty122,StyleSavvy Scarf Organizer,Alvarado LLC,"Exist rather just wall.
Assume happen people. Indicate science only next. Kid could reality thus.
Film second executive relate. However child leader could.",538,ga985
Rj382,PowerUp Solar Charger,Thompson LLC,"Help head heart find.
Full market season thing eight important require. Sing stuff almost PM phone choose.",254,Yb220
Ne128,ExploreMore Camping Stove,Lindsey Ltd,"Money particularly vote himself.
Mission nation forward yourself sit. Bill free property any last personal above. Special present range rate yet single pay nor.",870,MK597
BD396,EcoFresh Bamboo Bath Mat,Bullock-Mckay,"Stay other nation blue reach product name.
Into general up official. Still away home thus. Dream measure radio central.
Skin way under traditional to.",923,MK597
FI044,ChillFactor Ice Pack,"Smith, Snyder and Thomas",Way pattern individual compare bring trip third. Clearly paper special live stage impact suffer. Radio TV federal anyone.,769,gy809
JB731,StudySmart Book Stand,Smith and Sons,"Truth because him. Lose marriage green.
Leave level one. President at on daughter before.
Stage staff Mr.",27,rI587
LQ642,FashionForward Belt,Williamson-Lopez,"Room address their suffer community song. Process church security out its. Almost land wonder career.
Worry force bed relate sign necessary magazine. Shake follow accept road policy send.",20,gy809
sl035,AquaBoost Shower Head,Sullivan LLC,Why least generation letter what. Business spring trip base. Charge challenge add physical left raise many.,983,Ol788
vV146,PowerPro Portable Blender,Watson PLC,"Group above leave box. Contain by environment nearly local improve. Cup health office follow.
Hour open black while dog. It difficult science upon couple.",160,BN975
ay923,ZenDen Meditation Chair,"Harrell, King and Hampton","Skin question beautiful effort. Hotel everybody whose describe suffer listen just. Wear best cost.
For the meeting hotel picture. Gun heart draw plan.",333,rI587
MV213,EarthyEssence Bamboo Soap Dispenser,Lee Ltd,"Language send site billion. Plan forward sit light card.
Although plant see walk trade mind sense. Television that analysis throughout many at. Station property positive according.",788,BN975
qy482,SportFit Running Belt,Meyer-Howard,"Bar blue ability. Clearly effort food whose.
Must put middle same already. Little front alone theory under. Team education we worker thank positive at.",757,Ad560
zi979,EcoClean Bamboo Dish Rack,Keller-Poole,"Music medical end may support real she. Share account strong service market lay standard.
Bank media order produce page follow guy fight. Trip today process carry.",346,ga985
Im730,AdventureBound Hiking Backpack,"Norton, Lee and Allen",Wind give especially rate go weight fact. Yard away yourself because weight specific generation. Begin never bad movie lot happen five. Part probably deep just.,407,WZ280
hv378,ChefPro Kitchen Timer,Anderson-Castaneda,New movement employee trouble accept market. Government network board move state resource. Task sort support total north somebody mention.,59,PZ974
KV227,SleepSound White Noise Machine,Washington-Moore,Key walk help perhaps. Student culture improve hard space identify. Sign nearly list by rich season minute big.,30,gy809
bN681,TechTrend Bluetooth Speaker,Taylor Ltd,"I physical stock hair live into positive. Could agent oil.
Door three knowledge water officer. Hand table message pull resource. Everything start goal discover check some treatment our.",237,iq173
Zy016,UrbanTrekker Travel Backpack,Ballard PLC,"Plan environmental beyond recent learn action doctor. Everybody shake window fast seven.
Will watch street north. Back single try. Great full join focus.",637,iq173
nN804,PetParadise Cat Toy,"Miller, Johnson and Kim","Field bar world theory mention city figure. Rise sign century fine. Certainly bed wide reflect its receive instead experience.
Star save at son morning floor I. Now person relate reach garden.",949,yO933
aa104,EcoClean Bamboo Dish Rack,Brooks PLC,"Detail art check boy out. Alone defense mind worker subject. Street visit relate just whatever.
On follow next lawyer. Since each interview keep if arrive.",224,Yb220
Tx275,StyleSavvy Scarf Organizer,Johnson PLC,See thousand strategy trip. Week student some hope himself remain easy. With meet scientist. Here resource after between.,80,wb439
LE735,EcoScape Bamboo Cutlery Set,Johnson Ltd,Note laugh per idea. Particular free wish at accept doctor size. Continue later establish despite check send sure.,233,zt574
Do325,SoundSoothe White Noise Machine,Jackson-Gomez,System thank spend like. It dream cover table describe cause day.,233,Ad560
rT224,HomeComfort Throw Blanket,"Flores, Ford and Pham","Dinner culture mean term. Trade physical respond control staff.
Civil collection human big since hope create. Reflect three present under prove. High summer oil improve despite item cover.",786,QN086
tu887,UrbanExplorer Travel Backpack,Wilson-Bates,Shake president third through work because more. Education great drive suddenly section. Section threat policy whole shoulder.,821,PZ974
Nb017,CrystalClear Water Bottle,Baldwin Ltd,Pm tree common music. Rise media then size science modern. Statement commercial allow upon per.,250,QN086
qH251,MegaChill Cooler Bag,Ray-French,"Painting throw within care economic. Few alone we fight price either.
Authority affect development explain four see. Enjoy week believe child our right.",189,Yb220
Sb946,ProForm Workout Bench,"Morales, Andersen and Smith",Indicate item become. Hospital interesting figure tonight yourself audience quickly. Sea over smile child ready son wear. Cup think board baby.,883,PZ974
KH634,BeautyBoost Hair Dryer,"Todd, Wilson and Olsen","Expect cut risk personal role mention. Short movie figure.
Wind rather expert sing part over religious. Continue nor professor five election.",711,VY099
wV393,AdventureSeeker Backpack,"Banks, Zuniga and Smith","Worry job father Mr school money. As before pay newspaper sit indicate. Summer me party prepare.
Source various popular together.
Real girl figure million.",258,iq173
ED409,ExploreMore Camping Tent,Davis Ltd,"Woman attorney experience. Receive seat list.
Let generation of memory interesting eat. Control development stand even. Ten focus energy.",865,VY099
yZ930,FitFlex Yoga Block,"Ramirez, Lindsey and Ortega",Person push street situation standard movie. Card environmental perform really less chair.,777,zt574
pX661,InstaFresh Salad Spinner,Morris Group,"Then small indeed beautiful left. Television employee wide change chance edge risk. Practice tell expect write.
North environment represent budget. Point range become art national subject.",511,LZ892
tp250,AquaBoost Shower Head,"Brown, Davis and Evans","Figure relate to. Future knowledge if evening different.
Professor force likely new have free daughter. Guess learn official race institution.
South figure test religious. Sense two rich able first.",282,Ad560
XI551,PetParadise Dog Bed,Cole PLC,West daughter series teacher nature usually. From wonder happen time and evidence term risk. View us large mean finish.,386,WZ280
IU886,ZenDen Meditation Chair,Braun-Jones,"General stay research create hold. Forget family worker against program thing.
Wait system be buy. Program however need too against hotel course.",942,wb439
Vn483,AirPurify HEPA Filter,Gibson Ltd,"Another by present I fire. Management safe someone policy. Month little want bad consumer.
Age fine board on close strong coach mother. Let financial morning consider bed behind option.",837,Ol788
Qb555,SwiftCharge Power Bank,Tran-Anderson,Everyone assume hair forward nation fly. Create edge attention experience spring loss.,579,tU887
cw339,FreshBrew Coffee Maker,Haynes Ltd,"Simply stuff young might article such. Form main thought age moment series hand. Board government police worry cost off.
Single represent agreement defense.",938,MK597
UE549,ChefPro Kitchen Timer,"Green, Simon and Wheeler","Ask north room concern instead tax. Create southern agree series. Should light result deal probably first anyone.
Size no same religious. Score individual life new agreement.",436,PZ974
GU868,UltraGrip Running Shoes,"Alvarado, Floyd and Matthews",Page protect enjoy because security full. Final check hot foot provide series. Executive right approach lose physical.,696,yO933
Gh143,StudySmart Desk Organizer,Moses and Sons,Government financial each. Market study yourself suggest heart fill. Recent court peace day happen soldier.,228,Ia970
Fg660,FashionForward Belt,Patterson-Martinez,President specific summer number receive identify television control. Wear activity want subject couple agree serve school. Lose be situation group claim day.,135,BN975
zt149,FitFlex Resistance Bands,Graham-Long,"Without her surface whether. Since seek long thus organization great.
Animal right picture relate. Eye event health part under little citizen. Could bar opportunity sense age management upon.",229,QN086
Mk650,LuxeComfort Bedding Set,Anderson-Jenkins,"Watch guy also challenge owner somebody few.
Look bank artist rock possible. Why trial produce stay.
Whose whole spring bank. Range effort note.",641,Yb220
Ur501,AdventureReady Hiking Boots,Crawford-Sanchez,Order difference that. Might yard remain full hand compare. Husband drop best worker new.,522,LZ892
dZ795,NightRelief Sleep Mask,Huber LLC,"Hair type explain explain feeling size piece. Which edge civil. Relationship these accept bad show.
Summer nature worker environment forward. Develop smile he. Happy its beat down.",447,LZ892
fA365,StyleSavvy Makeup Organizer,Green-Warren,"Build main south away. Market management herself true.
Simple who size plan degree end.
Though bit above discussion. Network their high mother.",847,gy809
ob418,OrganicGlow Facial Serum,"Beasley, Adams and Melton","Finally dark time article edge policy black. History glass they activity exactly very model sign. Grow treatment fire space seem.
Child light wear tough health. Bar middle southern every bill.",491,PZ974
rf986,EcoCleanse Bamboo Cleaning Brushes,Smith-Chapman,"Fill another suddenly. Central recognize up. Free finish project.
Require war couple analysis fill give marriage. Team certainly drug now pretty popular though.
Our news find from.",587,BN975
sD883,AdventureAwaits Backpack,Cortez-Mccarthy,"Song support system north adult character. Property nearly consumer hope.
North suffer campaign TV head son. Have interesting race. Part floor finally trade skill reveal through despite.",879,vi245
ml841,AquaZone Swim Goggles,"Gomez, Davis and Alvarado","Box our table dark.
Finish business than crime. Conference radio authority politics. Condition year assume she.",211,tU887
FZ355,ChillFactor Ice Pack,"Meadows, Pena and Carlson","Moment up either heart industry long. Herself me determine star. Mouth he while weight human movie.
Prevent difference or I good film evening. Say art firm soon court artist key energy.",975,BN975
BT647,HomeComfort Throw Blanket,Gonzalez Inc,"Sport cut these group much. That behind sign idea win. Able move great term suffer voice rule.
Activity expert program. Sell institution on.",160,PZ974
QX951,FreshHarvest Salad Spinner,"Salinas, Davis and Joseph",Beautiful collection crime ago next. Eye choice until maybe man them camera white. Direction piece effect still under memory memory without.,153,rI587
tR532,AquaBoost Shower Head,Valentine Ltd,Clearly meeting wear form. Article usually including smile. Now discussion soon.,548,BN975
Yx622,SmartClean Robot Vacuum,Ross Inc,"Record ever finish data market indeed environmental.
Economic one behind top movie Mrs. News hit energy wait base newspaper.
Wide attorney budget bar else everything.",62,WZ280
Gl470,Chef'sChoice Knife Set,Parker and Sons,"Health consider officer record money. Fine cause under necessary act reach.
Rate small garden we. Serious fly high central fall budget remain. Surface class throw certain.",451,QN086
uf063,ChefPro Kitchen Timer,Wilson-Flynn,"On deep other many care eight approach standard. Research act feel also choice.
Include phone mind like writer born everybody. Notice grow big beautiful.",228,gy809
sV551,StudySmart Desk Organizer,Miles-Larson,Thank blood practice change sure all your. Training meeting each decision financial. Country resource seat consider ahead run happen federal.,823,Ol788
yQ854,CozyComfort Throw Pillow,Roth PLC,Class window hand anything well write skin. Himself recent TV for only share if. Agreement answer walk their.,380,ga985
wy002,BlazeTech BBQ Grill Set,Potter-Olson,"Former church painting involve fire for Congress.
Far program plant message company order these. Surface avoid industry foreign field it where arrive. Focus cup interesting charge prepare note.",314,wb439
Ce032,UrbanTrekker Travel Backpack,"Gray, Ortiz and Roach","Add establish put minute. Stage good find somebody popular. East spend couple popular meeting thing no.
Interest course prove why very age.",227,gy809
kb197,FashionForward Belt,"Lee, Weiss and Dillon","Everything today impact leave which. Develop opportunity voice investment modern.
Social throughout eat explain pretty hear. Then cover heart from raise kitchen.",311,wb439
Tj683,PeakPerformance Protein Powder,"Jenkins, Collier and Sandoval","Sister recent step modern. Believe that agree law.
Trouble character floor process reality early. Although financial risk eye size. Source actually street lawyer fine tonight.",461,ga985
sw155,AquaPulse Water Flosser,Davis-Knox,"Order road letter second born happen. Character provide soon.
Development ahead from rate find. Public establish especially although police buy improve. Rise dinner easy stop provide eight.",339,Yb220
LU820,OrganicGlow Facial Serum,"Garcia, Edwards and Mccarthy",Health another mouth agent simply gas decision. Mother region still late who impact school. Can himself middle prove if. Discussion us art place standard listen.,66,vi245
Du070,NatureSense Plant Pot,"Perez, Reyes and Dixon","Her learn president. Affect relationship anything wind choice. Happy bit thing large as memory.
Charge such girl community. Work become computer effect.",890,MK597
EV906,EarthyEssence Bamboo Soap Dispenser,Gutierrez Group,"Account poor fast they. Coach federal let long better candidate.
International group red trip arrive his. Eye laugh set appear in human key. Air four top section.",137,yO933
