product_categories_discount_code,product_categories_code,discount_value,discount_unit,date_created,valid_until,discount_description
710968,Yb220,11.59,A,2022-09-22 16:47:54.431598,2023-01-09 09:06:40.364220,"Reality add whatever meeting. Simple create catch.
Return his gun wear.
Bar thousand seek while role money. Spend news Congress.
Another hard include include child fear meet. Treat look worry."
267402,BN975,45.99,A,2022-06-10 21:06:07.108260,2022-06-25 00:23:17.674821,Wife without mission guy radio list office rule. Nor morning let something. Cup decide military hope. Year step all consider year consumer assume.
560086,BN975,23.3,P,2022-12-22 20:53:22.592097,2023-05-15 05:54:48.554968,"Size design become particular. Up environmental there whole find lose.
Us guy benefit raise behavior particular election. Sell scientist century bit step employee possible."
994054,Ad560,40.97,P,2024-04-19 18:29:55.579055,2024-07-06 19:51:11.835307,"Animal central sense plan police. Parent key history. Instead listen issue international dog final big will.
Continue place ok population social. Forward factor news run pattern."
634712,PZ974,39.83,A,2023-06-28 21:07:28.478968,2023-07-02 20:14:05.801128,"Read himself at be. Family trip house pass size.
Skill project hold purpose. Kind add under food policy possible property free. Onto why job research understand."
320395,PZ974,22.36,A,2023-08-18 23:46:10.663184,2024-01-05 03:51:28.004625,Make statement itself site quite the education. Tv house inside will year myself. Similar teacher simply seem call.
731367,ga985,27.42,P,2023-10-05 02:14:35.440130,2024-02-07 20:02:25.101492,Into place identify often idea population political. Away public score challenge green enter worry.
455547,vi245,10.0,P,2023-08-21 20:37:14.737123,2024-04-08 18:01:47.471651,"Direction food simple state. Teacher understand cover bill be.
Call there crime. Newspaper operation huge none feeling. Find skill his measure."
182800,iq173,48.29,P,2022-10-18 22:53:30.896107,2022-12-30 18:31:16.463307,"Pattern soon base. Push car parent nature character already.
Bed claim natural easy argue. Quite happy decision on floor financial type. Interview receive by friend."
300990,gy809,28.7,A,2023-05-05 02:41:56.493858,2024-04-09 10:59:15.832042,If ago above institution face safe. Evidence usually good rule anything morning.
757991,Yb220,22.91,A,2024-01-01 01:50:05.535983,2024-07-14 11:56:05.318117,"Common onto political condition reduce baby right.
Strategy camera matter all. Cell against require main couple. Agency seven question home college reveal body."
864338,Ia970,11.83,A,2023-10-16 08:01:50.234912,2024-07-13 06:41:29.534044,"Author series image over front. Might choice hotel. Key third claim especially finally great.
Point natural yes expert different. Buy return exactly anyone vote tough huge charge."
932210,rI587,4.45,A,2023-05-17 14:18:21.153999,2023-08-23 22:20:08.036301,"Cultural condition model sound. Much within policy example usually break. Option study friend friend room door parent.
Late shoulder political rest model. Expect reduce food town hear."
438943,ga985,47.73,P,2022-08-06 10:13:27.748158,2023-03-23 07:23:03.185469,"Course memory if. Company network yourself mother be painting detail. Read meeting town section position case.
Agent group with because worry. Art stuff run."
894652,rI587,43.71,A,2024-05-09 06:58:17.039990,2025-02-20 22:28:50.454031,Eight few heavy. Process machine economy trade hand today. Teacher speak wife interesting best east us. Hand rest chance.
648338,ga985,32.65,P,2024-02-05 04:51:50.853698,2024-02-13 03:23:04.087704,"Give usually last. Beyond while cell sometimes look.
Sort interesting thing professional law do its. Evening receive more national feel year ago. Always as resource Mrs.
No democratic charge girl."
179101,WZ280,38.18,P,2023-07-29 07:47:22.155640,2024-04-18 12:06:38.792868,"Do standard ready. Process back feel thought design.
Mr well success. From wonder growth leave. Rise back with military the cell.
Show point friend happen power north they. Try like sell make push."
254523,vi245,47.65,A,2022-08-02 08:49:24.443383,2023-07-19 09:04:08.627381,"Money past apply have any you traditional young. Bad interview fact such hour.
Land result wall science. Street type speech exactly."
241290,Ol788,36.85,A,2022-08-22 13:15:49.616997,2023-05-16 08:14:55.433290,"Some look return trade share herself.
Most smile American thus charge. Expect area laugh TV. Over general finally food head citizen believe."
127227,LZ892,4.78,P,2024-05-02 15:26:27.357563,2024-09-20 04:48:23.845375,"Blue body sign federal little word. Author indicate top group.
Plan church condition Democrat scene wall beautiful. Growth early least government state out."
870031,QN086,29.45,P,2023-08-06 16:43:25.799667,2024-03-09 18:03:15.342988,Tv house structure fear list will. Contain painting child social weight head. Forget enough argue song begin likely.
296314,yO933,20.73,P,2022-08-28 13:46:10.220526,2022-11-12 19:36:32.084568,During recently he lay major next standard food. Address picture unit never. Fall major mind color. No politics very manager ten.
439280,BN975,19.53,P,2023-01-11 21:37:43.896419,2023-11-20 03:16:48.492896,Thought reveal under discuss practice. Style network community turn. Your group road outside return herself.
853560,yO933,3.36,A,2024-06-01 06:18:06.355745,2024-09-07 08:32:18.542251,Language training age family Republican and. Term chance manage such civil box south avoid.
884244,Ia970,31.06,A,2024-02-25 14:05:25.974351,2024-10-10 00:41:18.803020,Hotel evidence treat development beautiful finally. Us follow issue man. Red present real visit recently lay.
850438,Ad560,12.63,P,2022-07-26 22:25:51.763286,2022-10-23 09:11:04.925065,"Democratic be security white middle level. Chair almost him production cut. Black base amount answer success score.
Early defense learn worker benefit society."
670304,VY099,29.2,A,2023-09-21 05:57:52.504907,2024-06-23 16:38:30.157205,Thus actually huge race seat. Agree half without right thought. Thing point material big teacher oil million.
992948,tU887,31.71,A,2023-12-02 20:27:39.929086,2024-01-08 16:52:45.078588,Sense opportunity off nor travel two throughout. Spring manage bit energy order political expect wife. Western seat mouth day free.
849062,BN975,13.33,P,2023-05-05 02:00:30.581781,2023-05-26 00:14:10.599453,Run end turn together. Leg conference east than. Now left though site establish house. Stand day phone fear different rule blood.
146368,VY099,19.47,P,2024-01-25 19:30:23.647681,2024-03-08 10:46:41.439756,Game doctor all until he. Level century purpose return answer.
227471,PZ974,1.25,P,2024-01-06 11:54:30.402189,2024-11-22 21:01:45.334895,Hope style writer rather human. Physical write democratic prepare upon court expect. Every skill play effort brother career table also.
268685,rI587,6.95,P,2022-07-23 15:34:37.811041,2022-09-09 01:06:34.777882,Both behind tax network not ahead different bit. Soon of everything.
626028,Ad560,22.97,A,2023-02-07 07:08:42.657509,2024-01-30 15:41:35.104064,Main letter thank administration. Under impact question west budget PM machine. Event red grow husband ok value experience allow.
644891,wb439,3.81,A,2024-03-13 23:48:46.463003,2024-09-05 03:12:34.555738,Century cup science small item send cell sign. Fish official chance end condition design reduce. Than game tax plant.
488393,rI587,45.9,P,2022-09-30 00:00:36.513422,2023-08-10 15:31:14.981501,Surface start begin. Environmental environmental believe strong attention affect yes. Will tree my president ball accept.
721668,Yb220,13.18,P,2022-10-09 10:55:45.899443,2023-01-05 11:38:43.525257,Price world history would. Or these cell around learn wall business. Believe before even. Raise eye cause Mr charge president.
960486,Ad560,16.73,A,2023-08-17 16:03:57.635929,2023-10-21 10:26:33.676938,Site per loss southern year eat. Read establish shake thus. Consumer ok safe ball discussion sometimes. Arrive memory effort ball fight tax sing.
470129,iq173,43.32,A,2022-07-25 07:21:33.626601,2022-12-15 23:24:34.125937,"Daughter consumer own class image.
Often industry and morning admit change participant hold. Billion ball interview least.
Wish story right rock."
732795,gy809,5.47,A,2022-07-24 10:49:43.078831,2022-07-30 18:32:52.255528,"Either first project. Alone again concern movement same majority table. Store public drug recently past.
Money campaign trade much.
Rather production enough door. Education wear race important than."
860676,zt574,32.9,P,2023-04-25 07:36:35.213554,2024-03-23 02:29:26.369428,"Owner others former grow trouble full. Sit article generation international no myself series.
Clear mouth Democrat case."
