product_discount_code,product_code,discount_value,discount_unit,date_created,valid_until,discount_description
686664,JL565,46.64,A,2022-09-26 07:35:58.860414,2023-03-25 15:39:16.476860,"Course pay part staff. Your force finish show. Able describe blue gas pass design north suffer.
Clearly into size take. None understand political education wife."
563633,Gr570,41.51,A,2024-05-19 02:56:55.565280,2024-06-25 06:45:49.517079,Machine good ball sea dark staff piece. Himself girl truth staff everything despite southern. Father information seek economic administration hear. Entire would amount direction after.
697893,Yz186,5.76,A,2022-12-31 07:29:36.458426,2023-08-08 08:52:44.207124,"Cut magazine alone cell. Available face down teach hear.
Guess else that dark four always.
Bring section sell general. Country close nor staff appear. Late because something see safe benefit."
753629,Tx275,24.57,A,2023-09-09 11:14:58.356403,2023-10-18 17:52:43.522312,"Operation prove high debate floor executive bring. Significant deep art kitchen deal might news.
Professional shoulder Mrs character civil. Stop list look cause real special."
694868,hv378,31.11,A,2022-08-23 20:42:46.992072,2023-02-01 11:12:45.255905,"Need manager and election sign executive break feel. Half computer like act listen mean write.
Bit get bill so. Control movement east be. Decade make manage son line."
961967,Zy016,3.78,P,2022-07-09 21:18:04.440189,2023-01-25 19:54:52.021811,Continue far daughter church draw but establish. Friend newspaper city wide. Father recently more budget key whose.
901807,yy207,26.44,A,2022-09-09 01:01:33.216362,2022-10-25 23:59:06.778486,"Make important join including somebody firm. Project act eat give.
Popular attention control long option. Case provide situation these interview natural family foreign."
381468,Tj683,12.97,A,2023-03-28 07:54:23.199705,2023-11-28 21:46:22.982938,Help respond letter away draw off value. Learn agency stand spend debate situation.
672882,sK372,20.38,A,2024-03-17 23:25:26.451811,2024-05-07 19:00:16.984876,"Economy avoid pass believe choose nation. Yes book determine pull.
Chance answer option discover marriage kind myself evening. Lot through have. Beat upon old fight already."
766099,MC188,44.37,P,2022-07-11 03:37:02.166233,2022-10-26 21:12:21.523849,Force direction chance suggest member. Politics recently throw loss. Player pick I statement level sure product rich.
933696,Rw327,49.12,A,2024-05-13 23:29:04.076605,2024-12-04 13:15:31.535817,"Gas test quickly think table strategy. Cost themselves month wall arm star life day.
Weight laugh no example father go indeed. Attack summer well husband stop."
131831,ty122,17.39,P,2023-06-13 02:01:53.918429,2024-02-27 08:23:00.099514,Service tough matter resource way environment hold. Team forget business arrive popular itself sort. Again contain happen. Message consumer realize every career training social.
127095,kb197,48.21,A,2023-09-10 10:45:12.281954,2024-01-23 04:07:45.395226,"Report drop although effect interview design. Management measure while number.
Instead seven artist research.
Realize book health response course. Arm audience star miss describe easy."
134208,wb918,34.23,A,2023-08-01 03:28:04.175555,2024-07-19 13:27:46.418084,"Church own down room technology. Travel almost teach budget movement. Local economy scene social future world site.
Must in several theory sit might small. Prove available just energy."
413823,Fg660,28.86,P,2023-02-16 15:00:28.667906,2023-03-05 09:49:32.003336,Laugh field social present our dark. Hard explain leave believe operation. Drive close plan owner.
332241,Vn483,37.29,A,2023-12-22 00:39:55.757013,2024-03-06 09:34:35.278259,"Artist reduce entire single. Walk experience sound rule the everyone voice fact. Movement allow hope.
Spring trade gun.
Sport seem may would rest kid remain. Design probably national model fight."
824821,vV146,12.65,P,2023-03-24 00:01:58.719995,2023-03-31 07:49:23.727331,"Class huge most back. Specific though concern word physical.
Body tree voice here toward yes. General dark training action pressure can. Medical consumer test scene."
319673,qo264,3.74,P,2022-08-07 16:35:38.486102,2022-10-16 09:56:06.226319,"Per bed hotel safe nor. Career democratic listen professional to same make.
Should bar provide consider drop bring. Customer economic market eight."
748363,vz615,41.66,P,2022-12-03 16:01:06.542003,2023-03-31 15:08:19.609696,"Garden guess pattern sell. See heavy something music yard. Hour report others he.
Bad land agreement.
Structure environment point. Find goal responsibility support sometimes."
544601,TX818,26.09,P,2023-01-11 20:18:27.171052,2023-04-28 08:32:32.237141,"Fill guy a skill buy design never. Ground not west will. Seat yes plant audience. Together may add per year personal nation.
Soon peace ability laugh. Or set expect different."
942517,Rv977,27.56,A,2023-08-30 14:14:09.089097,2024-08-04 18:45:09.296879,"Behind history class prove. Sister pattern call forget star word help federal. Use keep major if.
Area important improve significant."
641698,hv378,17.69,A,2022-11-22 09:02:27.870200,2023-06-03 12:30:57.020499,"Culture just action position authority. Today professor million reality home cold teach.
Worry tax cause service stop. Always choice probably."
856973,qy482,15.21,A,2023-04-13 06:34:40.852258,2024-04-03 22:49:57.106750,Edge sport board try. Heart camera team put community thing. Day marriage staff practice scientist record site.
466634,KH634,38.91,A,2023-01-20 12:51:27.731734,2023-12-31 10:30:47.511202,"Character young speech as character idea one. Into act analysis agent.
Bed appear even down home. Ten compare also executive money training to. Else since area these read kid but."
118212,NU552,35.9,P,2023-05-02 15:54:02.878073,2023-12-22 13:16:52.791158,"Again capital gun economic. Us food health east natural treat cold.
Fly allow off customer article. Miss long second system. Why sense store she shake rule."
117578,wb918,31.99,A,2024-04-23 13:31:57.553418,2024-08-11 19:12:23.575326,Effect next near however. Particularly reality site military chair serve month. Result security into may image lawyer. President job couple statement with turn role.
248665,KH634,26.91,A,2022-09-18 23:11:06.472430,2023-03-27 12:38:18.435292,"Foot during option better likely assume. Seem describe and image. Part trip soon commercial also create where.
Strategy soon example phone top end. Beyond out this per."
420421,yP754,41.87,A,2024-01-15 02:23:05.413274,2024-10-08 17:48:39.515201,"Assume particular woman system. Prepare including everybody drug maintain stage. Do yourself campaign.
Medical task blood risk character month. Ten two into well support."
580900,vz615,16.01,A,2022-11-03 19:02:00.200825,2023-03-20 15:26:46.670072,"Debate station seek late. Start walk entire prove very than.
Maintain recently crime fire question finally. Hour shake thousand deep art. Feeling ready everybody happy option hear growth."
121261,pX661,6.42,P,2023-10-23 12:03:55.151648,2024-07-02 08:40:42.221308,"Central lead simple skin thank again forget. Place expert gas area.
Young establish soldier thank hundred term.
Study billion relate thus would newspaper age. Improve rule different owner."
115541,Et080,10.5,P,2022-08-27 09:35:23.805692,2023-08-19 23:38:18.931126,Increase task seat author clear. Notice choose raise when among source car. Increase positive foreign collection pick.
786376,qo264,22.61,P,2024-04-30 20:26:19.896768,2024-10-19 07:24:04.398021,"Myself your newspaper of surface budget. Table fill wear worker.
Fly cultural him person before her. Apply view enter product dream. Course your charge glass feeling yeah."
483433,zm047,6.1,P,2023-04-10 00:57:46.172102,2023-10-17 12:40:32.181237,Table painting camera thousand offer address. Perhaps difficult rule cover maintain your school often. Purpose bill item bed computer land current.
632332,Za237,23.86,A,2023-08-01 18:42:14.922791,2023-10-16 02:12:31.131687,Until else together east carry practice understand throughout. On cultural factor rock end particularly manager. Necessary adult that ask security our smile.
145129,ay923,21.84,A,2023-11-25 17:31:40.777989,2024-10-07 19:13:37.232661,Run at option seat his woman much. Bank one water four I throughout. Four state one audience weight across president feel.
843575,sw155,21.62,P,2022-11-04 20:59:54.089441,2023-10-26 14:57:45.831901,"Plant staff field develop run.
Whatever message also campaign charge yet.
Sister factor by store student game. Appear four type whole decade resource himself."
766003,fA365,39.94,P,2023-01-18 14:49:45.648869,2023-11-15 21:25:41.275669,"Produce year understand heart others behavior. Your rule human child about bag.
Suddenly want name blue major official. Final soon week condition ask actually else respond. Policy eat author mention."
994911,gu988,19.26,A,2024-03-18 00:48:05.081249,2024-11-04 23:13:56.395393,"Different early ok second character hour. Find worry last article speech least. Raise population industry difficult.
Child establish election design sing. Give society say significant."
416067,rf986,28.56,P,2024-04-08 08:29:52.340024,2024-06-22 10:43:15.264120,"Perhaps deep continue. Bed painting American seek program police consider.
Commercial impact probably growth most executive. Here house teach government thank those us. Different pick size page soon."
158197,Gl470,3.53,A,2023-10-02 19:09:55.663029,2024-03-10 15:29:14.791156,"Guess impact white.
Piece true director information leg indeed issue.
Stuff avoid once magazine by eight about. Staff treat artist source during true factor."
736851,OF847,38.95,A,2023-11-09 05:28:43.988411,2024-08-30 06:54:53.863116,"Hour recent go instead. Alone per support some Congress fact.
Idea what nor stand win exist city skin. Laugh she different cover court himself draw school."
535866,rf986,37.42,P,2023-02-11 07:43:48.931484,2023-02-19 06:13:40.787592,All hot great nearly word health bar. Nothing debate perform late seat.
285205,rT224,9.19,A,2023-08-31 12:40:53.916196,2024-05-24 08:37:12.419718,"Price southern a. Who doctor teacher cause case. Season appear would Democrat world.
Mean right different house. Sister give community force represent ago pick rock."
878643,ED409,49.25,A,2022-09-08 13:10:04.195071,2022-10-31 15:23:38.137349,"Available believe add weight. Recognize house other care pressure suggest. Exist wind news new lay.
Week relate through work well magazine. Success responsibility rule condition."
555103,fc019,21.23,A,2023-08-20 08:58:09.596138,2024-08-16 00:15:46.493283,"Marriage executive national example.
Last few tough debate show article society. Bill million none around pressure likely former happy. Create same future."
210651,qH622,31.17,A,2023-10-17 08:33:42.605762,2024-01-17 20:30:27.059190,Rock keep contain condition people. Nearly only thing nearly age treat different.
905107,FZ355,7.57,P,2023-09-26 06:58:39.076646,2023-12-10 01:01:09.641538,"Throw yourself add beyond late. Father think forward we major certain news life.
Senior leave chance language second second. Near daughter instead tell."
651026,vd900,39.92,A,2023-12-17 00:00:34.905189,2024-01-01 14:21:57.738048,Administration sure painting material. Market Mr range. Skin artist off eye deep design receive.
967721,sp852,3.0,P,2023-03-23 21:51:58.239263,2023-11-12 03:12:44.058646,"Dream city painting carry husband peace.
Stop security kind carry anyone sing. All though drop course dark as occur."
536535,LQ642,28.78,A,2023-08-24 12:41:51.607669,2024-03-05 14:26:33.805769,"Hard ready nice behavior.
Issue wife million do leave.
Manage story again meeting main industry. President although cultural fund stay song here."
381694,VE343,2.63,P,2023-04-03 00:24:47.881713,2023-12-25 09:42:30.402016,"Certainly myself staff Republican. Result real listen. Walk treat ever piece.
Kind news perform party thing first. Happen issue once I accept happy. Man when child treatment business."
661035,FI044,19.8,P,2023-05-05 08:45:55.469048,2024-02-11 02:45:50.899543,"Office bit mention age place dinner surface. Few wish continue feeling behind herself.
Order car life. Drop maybe modern back."
303698,NU552,49.3,A,2024-04-11 19:01:37.455213,2025-03-30 01:31:56.770172,"Official question be play sometimes reflect measure pull. Test everybody feeling education.
Check field story choice. Type institution talk."
521492,SZ182,11.7,A,2022-12-18 09:16:05.702242,2023-07-10 17:27:17.557667,"Prove perform east suffer understand tend. Marriage stand evidence force relationship high majority.
Reach technology clearly son administration performance traditional."
406714,Qb555,35.36,P,2024-02-05 13:44:16.877872,2024-05-31 20:55:59.646544,"Court bank keep certainly beautiful gas. Image military necessary box.
World study both reduce trip machine herself. East room movie senior military hear buy.
Speak imagine four number black carry."
318636,Ly627,29.75,A,2023-06-17 10:30:25.029944,2023-11-01 12:52:11.848949,"Effort defense loss understand easy simply shake use.
Own rich enter safe. Card identify think.
Use model capital plant pass. Music oil how society among."
659588,Gh143,17.92,P,2024-04-26 19:53:39.708990,2024-06-08 19:57:08.143823,Theory nothing season old station apply discussion. Front seek could.
350236,XI551,35.75,P,2022-11-12 20:09:22.589733,2023-07-29 11:54:14.005963,Degree sense animal road character. Person nation manager protect here heart anything there. Shoulder no company mouth choice strong. May politics take air.
828173,fA365,27.75,A,2023-11-10 05:37:41.460245,2024-06-09 22:32:15.409129,"Nor say nor sound they system a. Others join hundred skill.
Middle people ago course. Million them away make consider team."
678443,Yx622,21.52,P,2022-12-09 13:47:23.651720,2023-05-16 10:37:51.330144,"Girl fund successful. Enjoy movement because building record.
Investment read describe way majority either. Another study woman certain. Economic learn national contain east store."
